,Frag_number,Frag Type,Modification,Term Mod,Observed Mass,Theoredical Mass,Start AA,End AA,Error,Sequence
0,1,A Fragment,0,42.01056,2204.99341,2162.980469,1,18,1.079936367,DKHWHEPGNHKGYGWHHS
1,2,A Fragment,0,42.01056,3217.50263,3175.489502,1,27,0.798149752,QREGNAIPFDKHWHEPGNHKGYGWHHS
6,7,C Fragment,0,42.01056,13759.74368,13717.72266,1,121,0.760461692,HVLHLEAAYKKRDVTHESGQDDSSGWHFHFQVLRYTGTLPGDKLVAKDQSDDYEVNFSHGNNVMRRSTAEGYVLALPKLAPDQVVAKTDIDVPSQREGNAIPFDKHWHEPGNHKGYGWHHS
7,8,Y Fragment,0,0,4953.62169,4953.624512,218,259,-0.569627097,SQQMLKFRTLNFNAEGEPELLMLANWRPAQPLKNRQVRGFPK
9,10,Y Fragment,0,0,8439.45888,8439.461914,187,259,-0.359508998,LDYWTYPGSLTTPPLLESVTWIVLKEPISVSSQQMLKFRTLNFNAEGEPELLMLANWRPAQPLKNRQVRGFPK
13,14,Z Fragment,0,0,1326.78696,1326.787842,249,259,-0.664610307,LKNRQVRGFPK
15,16,Z Fragment,0,0,6003.24365,6003.249023,208,259,-0.895088223,IVLKEPISVSSQQMLKFRTLNFNAEGEPELLMLANWRPAQPLKNRQVRGFPK
22,23,AY Fragment,0,0,982.47952,982.4820557,104,111,-2.580875699,SEHTVDRK
34,35,AY Fragment,0,0,2780.26627,2780.256104,54,77,3.656671902,TSRRMVNNGHSFNVEYDDSQDKAV
43,44,AY Fragment,0,0,4150.89377,4150.928223,66,101,-8.299988437,NVEYDDSQDKAVLKDGPLTGTYRLVQFHFHWGSSDD
45,46,AY Fragment,0,0,4221.2354,4221.231934,147,186,0.821183556,KVGDANPALQKVLDALDSIKTKGKSTDFPNFDPGSLLPNV
63,64,AY Fragment,0,0,9616.53021,9616.553711,54,137,-2.443800368,TSRRMVNNGHSFNVEYDDSQDKAVLKDGPLTGTYRLVQFHFHWGSSDDQGSEHTVDRKKYAAELHLVHWNTKYGDFGTAAQQPD
73,74,AY Fragment,0,0,24396.11076,24396.2832,4,223,-7.068417905,WGYGKHNGPEHWHKDFPIANGERQSPVDIDTKAVVQDPALKPLALVYGEATSRRMVNNGHSFNVEYDDSQDKAVLKDGPLTGTYRLVQFHFHWGSSDDQGSEHTVDRKKYAAELHLVHWNTKYGDFGTAAQQPDGLAVVGVFLKVGDANPALQKVLDALDSIKTKGKSTDFPNFDPGSLLPNVLDYWTYPGSLTTPPLLESVTWIVLKEPISVSSQQMLK
80,81,AZ Fragment,0,0,1508.75224,1508.751587,117,128,0.432865121,LHLVHWNTKYGD
92,93,AZ Fragment,0,0,4221.2354,4221.231934,148,187,0.821183556,VGDANPALQKVLDALDSIKTKGKSTDFPNFDPGSLLPNVL
118,119,AZ Fragment,0,0,7596.0966,7596.051758,141,210,5.903354654,VVGVFLKVGDANPALQKVLDALDSIKTKGKSTDFPNFDPGSLLPNVLDYWTYPGSLTTPPLLESVTWIVL
126,127,AZ Fragment,0,0,19035.49415,19035.49805,23,195,-0.204716209,NGERQSPVDIDTKAVVQDPALKPLALVYGEATSRRMVNNGHSFNVEYDDSQDKAVLKDGPLTGTYRLVQFHFHWGSSDDQGSEHTVDRKKYAAELHLVHWNTKYGDFGTAAQQPDGLAVVGVFLKVGDANPALQKVLDALDSIKTKGKSTDFPNFDPGSLLPNVLDYWTYPGS
128,129,AZ Fragment,0,0,23559.92568,23559.92969,27,239,-0.170098131,QSPVDIDTKAVVQDPALKPLALVYGEATSRRMVNNGHSFNVEYDDSQDKAVLKDGPLTGTYRLVQFHFHWGSSDDQGSEHTVDRKKYAAELHLVHWNTKYGDFGTAAQQPDGLAVVGVFLKVGDANPALQKVLDALDSIKTKGKSTDFPNFDPGSLLPNVLDYWTYPGSLTTPPLLESVTWIVLKEPISVSSQQMLKFRTLNFNAEGEPELLM
130,131,AZ Fragment,0,0,25089.50761,25089.62891,2,226,-4.834517499,HHWGYGKHNGPEHWHKDFPIANGERQSPVDIDTKAVVQDPALKPLALVYGEATSRRMVNNGHSFNVEYDDSQDKAVLKDGPLTGTYRLVQFHFHWGSSDDQGSEHTVDRKKYAAELHLVHWNTKYGDFGTAAQQPDGLAVVGVFLKVGDANPALQKVLDALDSIKTKGKSTDFPNFDPGSLLPNVLDYWTYPGSLTTPPLLESVTWIVLKEPISVSSQQMLKFRT
134,135,BX Fragment,0,0,1545.68554,1545.687134,90,102,-1.031120094,VQFHFHWGSSDDQ
135,136,BX Fragment,0,0,1545.68946,1545.687134,90,102,1.504968817,VQFHFHWGSSDDQ
142,143,BX Fragment,0,0,2731.44673,2731.446533,230,253,0.072048591,NAEGEPELLMLANWRPAQPLKNRQ
168,169,BX Fragment,0,0,7597.09565,7597.095703,139,209,-0.006992804,LAVVGVFLKVGDANPALQKVLDALDSIKTKGKSTDFPNFDPGSLLPNVLDYWTYPGSLTTPPLLESVTWIV
176,177,BZ Fragment,0,0,971.56297,971.5650635,157,165,-2.154746647,KVLDALDSI
177,178,BZ Fragment,0,0,971.56297,971.5650635,158,166,-2.154746647,VLDALDSIK
180,181,BZ Fragment,0,0,1339.51772,1339.516235,95,106,1.108346729,HWGSSDDQGSEH
188,189,BZ Fragment,0,0,2246.0995,2246.101318,82,100,-0.80956249,PLTGTYRLVQFHFHWGSSD
198,199,BZ Fragment,0,0,4721.51348,4721.518555,186,226,-1.074799864,VLDYWTYPGSLTTPPLLESVTWIVLKEPISVSSQQMLKFRT
199,200,BZ Fragment,0,0,4721.51501,4721.518555,186,226,-0.750751577,VLDYWTYPGSLTTPPLLESVTWIVLKEPISVSSQQMLKFRT
209,210,BZ Fragment,0,0,5671.75787,5671.755371,82,129,0.440587805,PLTGTYRLVQFHFHWGSSDDQGSEHTVDRKKYAAELHLVHWNTKYGDF
231,232,CX Fragment,0,0,1223.60733,1223.607544,50,60,-0.174847984,YGEATSRRMVN
243,244,CX Fragment,0,0,2844.59323,2844.593018,204,228,0.074675665,SVTWIVLKEPISVSSQQMLKFRTLN
245,246,CX Fragment,0,0,2945.54542,2945.546143,188,213,-0.245312105,DYWTYPGSLTTPPLLESVTWIVLKEP
260,261,CX Fragment,0,0,6003.24365,6003.249023,204,255,-0.895088223,SVTWIVLKEPISVSSQQMLKFRTLNFNAEGEPELLMLANWRPAQPLKNRQVR
261,262,CX Fragment,0,0,6858.45111,6858.456055,25,87,-0.72096219,ERQSPVDIDTKAVVQDPALKPLALVYGEATSRRMVNNGHSFNVEYDDSQDKAVLKDGPLTGTY
265,266,CX Fragment,0,0,7550.7464,7550.739746,86,153,0.881225744,TYRLVQFHFHWGSSDDQGSEHTVDRKKYAAELHLVHWNTKYGDFGTAAQQPDGLAVVGVFLKVGDANP
277,278,CY Fragment,0,0,190.0867,190.0865631,129,130,0.72014374,FG
279,280,CY Fragment,0,0,588.33543,588.3355713,167,172,-0.240150468,TKGKST
331,332,CY Fragment,0,0,14158.90877,14158.92285,7,132,-0.994536283,GKHNGPEHWHKDFPIANGERQSPVDIDTKAVVQDPALKPLALVYGEATSRRMVNNGHSFNVEYDDSQDKAVLKDGPLTGTYRLVQFHFHWGSSDDQGSEHTVDRKKYAAELHLVHWNTKYGDFGTA
335,336,CZ Fragment,0,0,934.41371,934.4058838,62,69,8.375601089,GHSFNVEY
398,399,AY Fragment,1.00783,0,1662.87117,1661.860962,162,176,1.430110391,LDSIKTKGKSTDFPN
401,402,AY Fragment,1.00783,0,1721.91353,1720.904907,112,125,0.460402795,KYAAELHLVHWNTK
402,403,AY Fragment,1.00783,0,1723.70413,1722.710571,62,76,-8.279362251,GHSFNVEYDDSQDKA
414,415,AY Fragment,1.00783,0,3988.85779,3987.856201,96,129,-1.564648939,WGSSDDQGSEHTVDRKKYAAELHLVHWNTKYGDF
421,422,AY Fragment,1.00783,0,5548.91758,5547.904785,107,157,0.894741744,TVDRKKYAAELHLVHWNTKYGDFGTAAQQPDGLAVVGVFLKVGDANPALQK
424,425,AY Fragment,1.00783,0,7192.79818,7191.792969,164,227,-0.364079317,SIKTKGKSTDFPNFDPGSLLPNVLDYWTYPGSLTTPPLLESVTWIVLKEPISVSSQQMLKFRTL
443,444,AY Fragment,1.00783,0,15171.3494,15170.36621,3,136,-1.624173093,HWGYGKHNGPEHWHKDFPIANGERQSPVDIDTKAVVQDPALKPLALVYGEATSRRMVNNGHSFNVEYDDSQDKAVLKDGPLTGTYRLVQFHFHWGSSDDQGSEHTVDRKKYAAELHLVHWNTKYGDFGTAAQQP
448,449,AZ Fragment,1.00783,0,1212.69994,1211.691528,206,215,0.47965696,TWIVLKEPIS
486,487,AZ Fragment,1.00783,0,10015.42893,10014.36133,139,229,5.968015163,LAVVGVFLKVGDANPALQKVLDALDSIKTKGKSTDFPNFDPGSLLPNVLDYWTYPGSLTTPPLLESVTWIVLKEPISVSSQQMLKFRTLNF
500,501,AZ Fragment,1.00783,0,24225.26145,24224.23047,9,226,0.955666554,HNGPEHWHKDFPIANGERQSPVDIDTKAVVQDPALKPLALVYGEATSRRMVNNGHSFNVEYDDSQDKAVLKDGPLTGTYRLVQFHFHWGSSDDQGSEHTVDRKKYAAELHLVHWNTKYGDFGTAAQQPDGLAVVGVFLKVGDANPALQKVLDALDSIKTKGKSTDFPNFDPGSLLPNVLDYWTYPGSLTTPPLLESVTWIVLKEPISVSSQQMLKFRT
502,503,AZ Fragment,1.00783,0,27604.31295,27603.0332,12,258,9.850618418,PEHWHKDFPIANGERQSPVDIDTKAVVQDPALKPLALVYGEATSRRMVNNGHSFNVEYDDSQDKAVLKDGPLTGTYRLVQFHFHWGSSDDQGSEHTVDRKKYAAELHLVHWNTKYGDFGTAAQQPDGLAVVGVFLKVGDANPALQKVLDALDSIKTKGKSTDFPNFDPGSLLPNVLDYWTYPGSLTTPPLLESVTWIVLKEPISVSSQQMLKFRTLNFNAEGEPELLMLANWRPAQPLKNRQVRGFP
515,516,BX Fragment,1.00783,0,3144.7166,3143.707764,183,210,0.320006085,LPNVLDYWTYPGSLTTPPLLESVTWIVL
517,518,BX Fragment,1.00783,0,3702.92874,3701.922852,36,69,-0.524331311,AVVQDPALKPLALVYGEATSRRMVNNGHSFNVEY
520,521,BX Fragment,1.00783,0,4190.28359,4189.276367,190,226,-0.144903656,WTYPGSLTTPPLLESVTWIVLKEPISVSSQQMLKFRT
541,542,BX Fragment,1.00783,0,17228.81049,17227.7793,69,224,1.356051638,YDDSQDKAVLKDGPLTGTYRLVQFHFHWGSSDDQGSEHTVDRKKYAAELHLVHWNTKYGDFGTAAQQPDGLAVVGVFLKVGDANPALQKVLDALDSIKTKGKSTDFPNFDPGSLLPNVLDYWTYPGSLTTPPLLESVTWIVLKEPISVSSQQMLKF
563,564,BZ Fragment,1.00783,0,2843.32097,2842.30835,47,71,1.684789986,ALVYGEATSRRMVNNGHSFNVEYDD
590,591,BZ Fragment,1.00783,0,7598.08611,7597.083496,142,211,-0.686500534,VGVFLKVGDANPALQKVLDALDSIKTKGKSTDFPNFDPGSLLPNVLDYWTYPGSLTTPPLLESVTWIVLK
598,599,BZ Fragment,1.00783,0,15198.3902,15197.38867,2,135,-0.414640781,HHWGYGKHNGPEHWHKDFPIANGERQSPVDIDTKAVVQDPALKPLALVYGEATSRRMVNNGHSFNVEYDDSQDKAVLKDGPLTGTYRLVQFHFHWGSSDDQGSEHTVDRKKYAAELHLVHWNTKYGDFGTAAQQ
616,617,CX Fragment,1.00783,0,3328.77866,3327.77124,151,182,-0.123238691,ANPALQKVLDALDSIKTKGKSTDFPNFDPGSL
630,631,CX Fragment,1.00783,0,5694.87484,5693.870605,2,52,-0.631351273,HHWGYGKHNGPEHWHKDFPIANGERQSPVDIDTKAVVQDPALKPLALVYGE
668,669,CY Fragment,1.00783,0,1807.90169,1806.894653,183,198,-0.438807026,LPNVLDYWTYPGSLTT
672,673,CY Fragment,1.00783,0,2108.03712,2107.0271,188,206,1.039067519,DYWTYPGSLTTPPLLESVT
687,688,CY Fragment,1.00783,0,3605.90646,3604.897461,23,56,0.324207766,NGERQSPVDIDTKAVVQDPALKPLALVYGEATSR
690,691,CY Fragment,1.00783,0,3839.89559,3838.884521,160,194,0.843387087,DALDSIKTKGKSTDFPNFDPGSLLPNVLDYWTYPG
716,717,CY Fragment,1.00783,0,13462.60905,13461.59473,2,120,0.482331516,HHWGYGKHNGPEHWHKDFPIANGERQSPVDIDTKAVVQDPALKPLALVYGEATSRRMVNNGHSFNVEYDDSQDKAVLKDGPLTGTYRLVQFHFHWGSSDDQGSEHTVDRKKYAAELHLV
739,740,CZ Fragment,1.00783,0,1807.90169,1806.894653,189,204,-0.438807026,YWTYPGSLTTPPLLES
775,776,CZ Fragment,1.00783,0,7337.63571,7336.620605,81,146,0.991400875,GPLTGTYRLVQFHFHWGSSDDQGSEHTVDRKKYAAELHLVHWNTKYGDFGTAAQQPDGLAVVGVFL
779,780,CZ Fragment,1.00783,0,8701.21222,8700.174805,52,126,3.400148433,EATSRRMVNNGHSFNVEYDDSQDKAVLKDGPLTGTYRLVQFHFHWGSSDDQGSEHTVDRKKYAAELHLVHWNTKY
785,786,CZ Fragment,1.00783,0,15054.30901,15053.31152,2,134,-0.687074404,HHWGYGKHNGPEHWHKDFPIANGERQSPVDIDTKAVVQDPALKPLALVYGEATSRRMVNNGHSFNVEYDDSQDKAVLKDGPLTGTYRLVQFHFHWGSSDDQGSEHTVDRKKYAAELHLVHWNTKYGDFGTAAQ
792,793,CZ Fragment,1.00783,0,25517.83811,25516.83789,4,233,-0.298247159,WGYGKHNGPEHWHKDFPIANGERQSPVDIDTKAVVQDPALKPLALVYGEATSRRMVNNGHSFNVEYDDSQDKAVLKDGPLTGTYRLVQFHFHWGSSDDQGSEHTVDRKKYAAELHLVHWNTKYGDFGTAAQQPDGLAVVGVFLKVGDANPALQKVLDALDSIKTKGKSTDFPNFDPGSLLPNVLDYWTYPGSLTTPPLLESVTWIVLKEPISVSSQQMLKFRTLNFNAEG
795,796,A Fragment,2.01566,42.01056,841.37399,797.3477783,1,7,-0.009888958,GYGWHHS
796,797,B Fragment,2.01566,42.01056,1991.87489,1947.853394,1,16,-2.371405709,HWHEPGNHKGYGWHHS
797,798,B Fragment,2.01566,42.01056,27780.75884,27736.96484,1,249,-8.359088035,LPQAPRWNALMLLEPEGEANFNLTRFKLMQQSSVSIPEKLVIWTVSELLPPTTLSGPYTWYDLVNPLLSGPDFNPFDTSKGKTKISDLADLVKQLAPNADGVKLFVGVVALGDPQQAATGFDGYKTNWHVLHLEAAYKKRDVTHESGQDDSSGWHFHFQVLRYTGTLPGDKLVAKDQSDDYEVNFSHGNNVMRRSTAEGYVLALPKLAPDQVVAKTDIDVPSQREGNAIPFDKHWHEPGNHKGYGWHHS
814,815,AY Fragment,2.01566,0,3097.44823,3095.428955,3,28,1.167065864,HWGYGKHNGPEHWHKDFPIANGERQS
830,831,AY Fragment,2.01566,0,5904.18078,5902.165527,208,258,-0.06899242,IVLKEPISVSSQQMLKFRTLNFNAEGEPELLMLANWRPAQPLKNRQVRGFP
845,846,AY Fragment,2.01566,0,13784.2163,13782.20605,107,231,-0.392817789,TVDRKKYAAELHLVHWNTKYGDFGTAAQQPDGLAVVGVFLKVGDANPALQKVLDALDSIKTKGKSTDFPNFDPGSLLPNVLDYWTYPGSLTTPPLLESVTWIVLKEPISVSSQQMLKFRTLNFNA
852,853,AY Fragment,2.01566,0,25648.35352,25646.09961,28,258,9.289205951,SPVDIDTKAVVQDPALKPLALVYGEATSRRMVNNGHSFNVEYDDSQDKAVLKDGPLTGTYRLVQFHFHWGSSDDQGSEHTVDRKKYAAELHLVHWNTKYGDFGTAAQQPDGLAVVGVFLKVGDANPALQKVLDALDSIKTKGKSTDFPNFDPGSLLPNVLDYWTYPGSLTTPPLLESVTWIVLKEPISVSSQQMLKFRTLNFNAEGEPELLMLANWRPAQPLKNRQVRGFP
853,854,AY Fragment,2.01566,0,28489.524,28487.42578,4,258,2.897871837,WGYGKHNGPEHWHKDFPIANGERQSPVDIDTKAVVQDPALKPLALVYGEATSRRMVNNGHSFNVEYDDSQDKAVLKDGPLTGTYRLVQFHFHWGSSDDQGSEHTVDRKKYAAELHLVHWNTKYGDFGTAAQQPDGLAVVGVFLKVGDANPALQKVLDALDSIKTKGKSTDFPNFDPGSLLPNVLDYWTYPGSLTTPPLLESVTWIVLKEPISVSSQQMLKFRTLNFNAEGEPELLMLANWRPAQPLKNRQVRGFP
855,856,AZ Fragment,2.01566,0,883.37398,881.3560791,172,178,2.536755862,TDFPNFD
858,859,AZ Fragment,2.01566,0,2133.98198,2131.971436,121,139,-2.39717798,HWNTKYGDFGTAAQQPDGL
864,865,AZ Fragment,2.01566,0,2598.26451,2596.247803,176,198,0.403063677,NFDPGSLLPNVLDYWTYPGSLTT
871,872,AZ Fragment,2.01566,0,4723.51193,4721.496094,17,59,0.03731334,KDFPIANGERQSPVDIDTKAVVQDPALKPLALVYGEATSRRMV
883,884,AZ Fragment,2.01566,0,6682.37007,6680.356445,24,84,-0.304579342,GERQSPVDIDTKAVVQDPALKPLALVYGEATSRRMVNNGHSFNVEYDDSQDKAVLKDGPLT
884,885,AZ Fragment,2.01566,0,6682.37007,6680.356445,25,85,-0.304579342,ERQSPVDIDTKAVVQDPALKPLALVYGEATSRRMVNNGHSFNVEYDDSQDKAVLKDGPLTG
919,920,BX Fragment,2.01566,0,2296.21527,2294.202881,161,182,-1.424454736,ALDSIKTKGKSTDFPNFDPGSL
924,925,BX Fragment,2.01566,0,2977.35231,2975.33374,50,75,0.977300691,YGEATSRRMVNNGHSFNVEYDDSQDK
925,926,BX Fragment,2.01566,0,2977.35931,2975.33374,50,75,3.328385182,YGEATSRRMVNNGHSFNVEYDDSQDK
926,927,BX Fragment,2.01566,0,3009.79055,3007.755615,138,167,6.404063253,GLAVVGVFLKVGDANPALQKVLDALDSIKT
933,934,BX Fragment,2.01566,0,4910.38559,4908.369141,57,99,0.16075624,RMVNNGHSFNVEYDDSQDKAVLKDGPLTGTYRLVQFHFHWGSS
944,945,BX Fragment,2.01566,0,5563.92851,5561.913574,168,218,-0.130163185,KGKSTDFPNFDPGSLLPNVLDYWTYPGSLTTPPLLESVTWIVLKEPISVSS
962,963,BX Fragment,2.01566,0,14499.59584,14497.56641,118,249,0.949941173,HLVHWNTKYGDFGTAAQQPDGLAVVGVFLKVGDANPALQKVLDALDSIKTKGKSTDFPNFDPGSLLPNVLDYWTYPGSLTTPPLLESVTWIVLKEPISVSSQQMLKFRTLNFNAEGEPELLMLANWRPAQPL
963,964,BX Fragment,2.01566,0,14627.80683,14625.66113,118,250,8.889804536,HLVHWNTKYGDFGTAAQQPDGLAVVGVFLKVGDANPALQKVLDALDSIKTKGKSTDFPNFDPGSLLPNVLDYWTYPGSLTTPPLLESVTWIVLKEPISVSSQQMLKFRTLNFNAEGEPELLMLANWRPAQPLK
971,972,BZ Fragment,2.01566,0,1021.50004,1019.483276,2,9,1.080405249,HHWGYGKH
972,973,BZ Fragment,2.01566,0,1084.60278,1082.587524,84,92,-0.372868223,TGTYRLVQF
979,980,BZ Fragment,2.01566,0,3589.88893,3587.872803,123,157,0.1301616,NTKYGDFGTAAQQPDGLAVVGVFLKVGDANPALQK
985,986,BZ Fragment,2.01566,0,4736.52574,4734.513672,185,225,-0.758334795,NVLDYWTYPGSLTTPPLLESVTWIVLKEPISVSSQQMLKFR
986,987,BZ Fragment,2.01566,0,5157.52953,5155.51709,99,145,-0.624299235,SDDQGSEHTVDRKKYAAELHLVHWNTKYGDFGTAAQQPDGLAVVGVF
993,994,BZ Fragment,2.01566,0,6210.05308,6208.038574,45,99,-0.18586291,PLALVYGEATSRRMVNNGHSFNVEYDDSQDKAVLKDGPLTGTYRLVQFHFHWGSS
997,998,BZ Fragment,2.01566,0,7225.87284,7223.836914,152,217,2.804643091,NPALQKVLDALDSIKTKGKSTDFPNFDPGSLLPNVLDYWTYPGSLTTPPLLESVTWIVLKEPISVS
999,1000,BZ Fragment,2.01566,0,7242.90332,7240.862305,139,206,3.500723417,LAVVGVFLKVGDANPALQKVLDALDSIKTKGKSTDFPNFDPGSLLPNVLDYWTYPGSLTTPPLLESVT
1000,1001,BZ Fragment,2.01566,0,7242.90526,7240.862305,139,206,3.768572746,LAVVGVFLKVGDANPALQKVLDALDSIKTKGKSTDFPNFDPGSLLPNVLDYWTYPGSLTTPPLLESVT
1005,1006,BZ Fragment,2.01566,0,8438.45951,8436.444336,156,230,-0.057586041,QKVLDALDSIKTKGKSTDFPNFDPGSLLPNVLDYWTYPGSLTTPPLLESVTWIVLKEPISVSSQQMLKFRTLNFN
1024,1025,CX Fragment,2.01566,0,2294.20915,2292.192627,186,206,0.376185057,VLDYWTYPGSLTTPPLLESVT
1027,1028,CX Fragment,2.01566,0,2702.46543,2700.452393,231,254,-0.97043816,AEGEPELLMLANWRPAQPLKNRQV
1055,1056,CX Fragment,2.01566,0,6002.25011,6000.240234,198,250,-0.963700166,TPPLLESVTWIVLKEPISVSSQQMLKFRTLNFNAEGEPELLMLANWRPAQPLK
1056,1057,CX Fragment,2.01566,0,6002.25033,6000.240234,198,250,-0.92704728,TPPLLESVTWIVLKEPISVSSQQMLKFRTLNFNAEGEPELLMLANWRPAQPLK
1089,1090,CY Fragment,2.01566,0,1139.5773,1137.56311,89,97,-1.290258823,LVQFHFHWG
1130,1131,CY Fragment,2.01566,0,7040.80513,7038.784668,194,255,0.682029177,GSLTTPPLLESVTWIVLKEPISVSSQQMLKFRTLNFNAEGEPELLMLANWRPAQPLKNRQVR
1131,1132,CY Fragment,2.01566,0,7040.80513,7038.784668,195,256,0.682029177,SLTTPPLLESVTWIVLKEPISVSSQQMLKFRTLNFNAEGEPELLMLANWRPAQPLKNRQVRG
1169,1170,CZ Fragment,2.01566,0,4478.38182,4476.365723,219,256,0.097656656,QQMLKFRTLNFNAEGEPELLMLANWRPAQPLKNRQVRG
1204,1205,CZ Fragment,2.01566,0,8047.28625,8045.270508,155,226,0.01021307,LQKVLDALDSIKTKGKSTDFPNFDPGSLLPNVLDYWTYPGSLTTPPLLESVTWIVLKEPISVSSQQMLKFRT
1205,1206,CZ Fragment,2.01566,0,8047.28625,8045.270508,156,227,0.01021307,QKVLDALDSIKTKGKSTDFPNFDPGSLLPNVLDYWTYPGSLTTPPLLESVTWIVLKEPISVSSQQMLKFRTL
1209,1210,CZ Fragment,2.01566,0,9901.73122,9899.731445,53,140,-1.604293902,ATSRRMVNNGHSFNVEYDDSQDKAVLKDGPLTGTYRLVQFHFHWGSSDDQGSEHTVDRKKYAAELHLVHWNTKYGDFGTAAQQPDGLA
1221,1222,CZ Fragment,2.01566,0,16931.38354,16929.4043,47,200,-2.150845889,ALVYGEATSRRMVNNGHSFNVEYDDSQDKAVLKDGPLTGTYRLVQFHFHWGSSDDQGSEHTVDRKKYAAELHLVHWNTKYGDFGTAAQQPDGLAVVGVFLKVGDANPALQKVLDALDSIKTKGKSTDFPNFDPGSLLPNVLDYWTYPGSLTTPP
1231,1232,Y Fragment,-18.0106,0,14947.9601,14965.86816,124,259,6.85957416,TKYGDFGTAAQQPDGLAVVGVFLKVGDANPALQKVLDALDSIKTKGKSTDFPNFDPGSLLPNVLDYWTYPGSLTTPPLLESVTWIVLKEPISVSSQQMLKFRTLNFNAEGEPELLMLANWRPAQPLKNRQVRGFPK
1232,1233,Z Fragment,-18.0106,0,27307.94279,27325.95313,15,259,0.009704136,WHKDFPIANGERQSPVDIDTKAVVQDPALKPLALVYGEATSRRMVNNGHSFNVEYDDSQDKAVLKDGPLTGTYRLVQFHFHWGSSDDQGSEHTVDRKKYAAELHLVHWNTKYGDFGTAAQQPDGLAVVGVFLKVGDANPALQKVLDALDSIKTKGKSTDFPNFDPGSLLPNVLDYWTYPGSLTTPPLLESVTWIVLKEPISVSSQQMLKFRTLNFNAEGEPELLMLANWRPAQPLKNRQVRGFPK
1261,1262,AY Fragment,-18.0106,0,6862.13355,6880.20166,47,107,-8.380727926,ALVYGEATSRRMVNNGHSFNVEYDDSQDKAVLKDGPLTGTYRLVQFHFHWGSSDDQGSEHT
1262,1263,AY Fragment,-18.0106,0,7124.83208,7142.835449,196,257,1.014871439,LTTPPLLESVTWIVLKEPISVSSQQMLKFRTLNFNAEGEPELLMLANWRPAQPLKNRQVRGF
1277,1278,AY Fragment,-18.0106,0,17245.05273,17262.99023,104,258,4.238661138,SEHTVDRKKYAAELHLVHWNTKYGDFGTAAQQPDGLAVVGVFLKVGDANPALQKVLDALDSIKTKGKSTDFPNFDPGSLLPNVLDYWTYPGSLTTPPLLESVTWIVLKEPISVSSQQMLKFRTLNFNAEGEPELLMLANWRPAQPLKNRQVRGFP
1280,1281,AY Fragment,-18.0106,0,25250.71083,25268.71875,7,234,0.106135637,GKHNGPEHWHKDFPIANGERQSPVDIDTKAVVQDPALKPLALVYGEATSRRMVNNGHSFNVEYDDSQDKAVLKDGPLTGTYRLVQFHFHWGSSDDQGSEHTVDRKKYAAELHLVHWNTKYGDFGTAAQQPDGLAVVGVFLKVGDANPALQKVLDALDSIKTKGKSTDFPNFDPGSLLPNVLDYWTYPGSLTTPPLLESVTWIVLKEPISVSSQQMLKFRTLNFNAEGE
1299,1300,AZ Fragment,-18.0106,0,3261.51956,3279.533447,53,81,-1.007892871,ATSRRMVNNGHSFNVEYDDSQDKAVLKDG
1308,1309,AZ Fragment,-18.0106,0,5880.93582,5898.949219,28,81,-0.475901923,SPVDIDTKAVVQDPALKPLALVYGEATSRRMVNNGHSFNVEYDDSQDKAVLKDG
1310,1311,AZ Fragment,-18.0106,0,7524.64251,7542.662109,6,72,-1.19598562,YGKHNGPEHWHKDFPIANGERQSPVDIDTKAVVQDPALKPLALVYGEATSRRMVNNGHSFNVEYDDS
1334,1335,BX Fragment,-18.0106,0,1550.89527,1568.904907,38,52,0.620785977,VQDPALKPLALVYGE
1336,1337,BX Fragment,-18.0106,0,1621.9325,1639.942017,38,53,0.667968094,VQDPALKPLALVYGEA
1345,1346,BX Fragment,-18.0106,0,2606.21545,2624.226807,55,77,-0.29032151,SRRMVNNGHSFNVEYDDSQDKAV
1368,1369,BX Fragment,-18.0106,0,7744.13295,7762.143066,155,224,0.062446472,LQKVLDALDSIKTKGKSTDFPNFDPGSLLPNVLDYWTYPGSLTTPPLLESVTWIVLKEPISVSSQQMLKF
1377,1378,BX Fragment,-18.0106,0,13809.32408,13827.33887,132,257,-0.303214423,AAQQPDGLAVVGVFLKVGDANPALQKVLDALDSIKTKGKSTDFPNFDPGSLLPNVLDYWTYPGSLTTPPLLESVTWIVLKEPISVSSQQMLKFRTLNFNAEGEPELLMLANWRPAQPLKNRQVRGF
1385,1386,BX Fragment,-18.0106,0,20990.78946,21008.78906,70,258,0.523920541,DDSQDKAVLKDGPLTGTYRLVQFHFHWGSSDDQGSEHTVDRKKYAAELHLVHWNTKYGDFGTAAQQPDGLAVVGVFLKVGDANPALQKVLDALDSIKTKGKSTDFPNFDPGSLLPNVLDYWTYPGSLTTPPLLESVTWIVLKEPISVSSQQMLKFRTLNFNAEGEPELLMLANWRPAQPLKNRQVRGFP
1394,1395,BZ Fragment,-18.0106,0,2249.00842,2267.02417,88,106,-2.289858071,RLVQFHFHWGSSDDQGSEH
1398,1399,BZ Fragment,-18.0106,0,3071.67666,3089.687256,130,160,0.001348002,GTAAQQPDGLAVVGVFLKVGDANPALQKVLD
1429,1430,BZ Fragment,-18.0106,0,12143.40182,12161.41602,117,227,-0.296096925,LHLVHWNTKYGDFGTAAQQPDGLAVVGVFLKVGDANPALQKVLDALDSIKTKGKSTDFPNFDPGSLLPNVLDYWTYPGSLTTPPLLESVTWIVLKEPISVSSQQMLKFRTL
1436,1437,BZ Fragment,-18.0106,0,20696.3425,20714.34766,7,193,0.263029636,GKHNGPEHWHKDFPIANGERQSPVDIDTKAVVQDPALKPLALVYGEATSRRMVNNGHSFNVEYDDSQDKAVLKDGPLTGTYRLVQFHFHWGSSDDQGSEHTVDRKKYAAELHLVHWNTKYGDFGTAAQQPDGLAVVGVFLKVGDANPALQKVLDALDSIKTKGKSTDFPNFDPGSLLPNVLDYWTYP
1437,1438,BZ Fragment,-18.0106,0,20696.3425,20714.34766,8,194,0.263029636,KHNGPEHWHKDFPIANGERQSPVDIDTKAVVQDPALKPLALVYGEATSRRMVNNGHSFNVEYDDSQDKAVLKDGPLTGTYRLVQFHFHWGSSDDQGSEHTVDRKKYAAELHLVHWNTKYGDFGTAAQQPDGLAVVGVFLKVGDANPALQKVLDALDSIKTKGKSTDFPNFDPGSLLPNVLDYWTYPG
1454,1455,CX Fragment,-18.0106,0,2887.39711,2905.409912,95,120,-0.762661876,HWGSSDDQGSEHTVDRKKYAAELHLV
1480,1481,CX Fragment,-18.0106,0,9311.9028,9329.917969,155,238,-0.49063525,LQKVLDALDSIKTKGKSTDFPNFDPGSLLPNVLDYWTYPGSLTTPPLLESVTWIVLKEPISVSSQQMLKFRTLNFNAEGEPELL
1485,1486,CX Fragment,-18.0106,0,15534.8877,15552.89355,26,167,0.305461748,RQSPVDIDTKAVVQDPALKPLALVYGEATSRRMVNNGHSFNVEYDDSQDKAVLKDGPLTGTYRLVQFHFHWGSSDDQGSEHTVDRKKYAAELHLVHWNTKYGDFGTAAQQPDGLAVVGVFLKVGDANPALQKVLDALDSIKT
1498,1499,CY Fragment,-18.0106,0,2231.20744,2249.224121,239,257,-2.725464727,MLANWRPAQPLKNRQVRGF
1501,1502,CY Fragment,-18.0106,0,2356.26401,2374.2771,133,156,-1.056590745,AQQPDGLAVVGVFLKVGDANPALQ
1512,1513,CY Fragment,-18.0106,0,4352.11588,4370.128418,89,125,-0.445293264,LVQFHFHWGSSDDQGSEHTVDRKKYAAELHLVHWNTK
1531,1532,CY Fragment,-18.0106,0,16062.52212,16080.42383,108,252,6.779297323,VDRKKYAAELHLVHWNTKYGDFGTAAQQPDGLAVVGVFLKVGDANPALQKVLDALDSIKTKGKSTDFPNFDPGSLLPNVLDYWTYPGSLTTPPLLESVTWIVLKEPISVSSQQMLKFRTLNFNAEGEPELLMLANWRPAQPLKNR
1538,1539,CZ Fragment,-18.0106,0,1639.66491,1657.683228,96,110,-4.706756052,WGSSDDQGSEHTVDR
1540,1541,CZ Fragment,-18.0106,0,1694.9964,1713.00647,75,90,0.312846448,KAVLKDGPLTGTYRLV
1542,1543,CZ Fragment,-18.0106,0,1718.7006,1736.714478,61,75,-1.906982992,NGHSFNVEYDDSQDK
1550,1551,CZ Fragment,-18.0106,0,2499.17609,2517.189209,62,84,-1.00792491,GHSFNVEYDDSQDKAVLKDGPLT
1551,1552,CZ Fragment,-18.0106,0,2499.17609,2517.189209,63,85,-1.00792491,HSFNVEYDDSQDKAVLKDGPLTG
1590,1591,CZ Fragment,-18.0106,0,14500.6145,14518.62012,124,255,0.343627797,TKYGDFGTAAQQPDGLAVVGVFLKVGDANPALQKVLDALDSIKTKGKSTDFPNFDPGSLLPNVLDYWTYPGSLTTPPLLESVTWIVLKEPISVSSQQMLKFRTLNFNAEGEPELLMLANWRPAQPLKNRQVR
1602,1603,C Fragment,-17.0266,42.01056,21410.51567,21385.61523,1,192,-3.901076016,YTWYDLVNPLLSGPDFNPFDTSKGKTKISDLADLVKQLAPNADGVKLFVGVVALGDPQQAATGFDGYKTNWHVLHLEAAYKKRDVTHESGQDDSSGWHFHFQVLRYTGTLPGDKLVAKDQSDDYEVNFSHGNNVMRRSTAEGYVLALPKLAPDQVVAKTDIDVPSQREGNAIPFDKHWHEPGNHKGYGWHHS
1603,1604,Y Fragment,-17.0266,0,814.4591,831.4835205,253,259,2.676006714,QVRGFPK
1608,1609,Y Fragment,-17.0266,0,1875.08579,1892.108887,244,259,1.868334673,RPAQPLKNRQVRGFPK
1615,1616,Y Fragment,-17.0266,0,5548.90986,5565.936035,212,259,0.076563468,EPISVSSQQMLKFRTLNFNAEGEPELLMLANWRPAQPLKNRQVRGFPK
1620,1621,Y Fragment,-17.0266,0,7744.1415,7761.160645,192,259,0.962724652,YPGSLTTPPLLESVTWIVLKEPISVSSQQMLKFRTLNFNAEGEPELLMLANWRPAQPLKNRQVRGFPK
1621,1622,Y Fragment,-17.0266,0,7744.14474,7761.160645,192,259,1.381105839,YPGSLTTPPLLESVTWIVLKEPISVSSQQMLKFRTLNFNAEGEPELLMLANWRPAQPLKNRQVRGFPK
1624,1625,Y Fragment,-17.0266,0,13809.32046,13826.34375,135,259,0.239693242,QPDGLAVVGVFLKVGDANPALQKVLDALDSIKTKGKSTDFPNFDPGSLLPNVLDYWTYPGSLTTPPLLESVTWIVLKEPISVSSQQMLKFRTLNFNAEGEPELLMLANWRPAQPLKNRQVRGFPK
1629,1630,AY Fragment,-17.0266,0,1158.62123,1175.648315,219,227,-0.418971681,QQMLKFRTL
1634,1635,AY Fragment,-17.0266,0,2172.16127,2189.189453,236,253,-0.728824267,ELLMLANWRPAQPLKNRQ
1645,1646,AY Fragment,-17.0266,0,4720.2829,4737.311035,78,118,-0.32522537,LKDGPLTGTYRLVQFHFHWGSSDDQGSEHTVDRKKYAAELH
1646,1647,AY Fragment,-17.0266,0,4720.2829,4737.311035,79,119,-0.32522537,KDGPLTGTYRLVQFHFHWGSSDDQGSEHTVDRKKYAAELHL
1653,1654,AY Fragment,-17.0266,0,8160.92365,8177.954102,56,125,-0.471951564,RRMVNNGHSFNVEYDDSQDKAVLKDGPLTGTYRLVQFHFHWGSSDDQGSEHTVDRKKYAAELHLVHWNTK
1660,1661,AY Fragment,-17.0266,0,14945.23632,14962.25488,5,137,0.537776162,GYGKHNGPEHWHKDFPIANGERQSPVDIDTKAVVQDPALKPLALVYGEATSRRMVNNGHSFNVEYDDSQDKAVLKDGPLTGTYRLVQFHFHWGSSDDQGSEHTVDRKKYAAELHLVHWNTKYGDFGTAAQQPD
1661,1662,AY Fragment,-17.0266,0,14945.23632,14962.25488,6,138,0.537776162,YGKHNGPEHWHKDFPIANGERQSPVDIDTKAVVQDPALKPLALVYGEATSRRMVNNGHSFNVEYDDSQDKAVLKDGPLTGTYRLVQFHFHWGSSDDQGSEHTVDRKKYAAELHLVHWNTKYGDFGTAAQQPDG
1688,1689,AZ Fragment,-17.0266,0,8308.35396,8325.381836,145,220,-0.153572815,FLKVGDANPALQKVLDALDSIKTKGKSTDFPNFDPGSLLPNVLDYWTYPGSLTTPPLLESVTWIVLKEPISVSSQQ
1702,1703,BX Fragment,-17.0266,0,687.40377,704.4302979,163,169,0.104957884,DSIKTKG
1703,1704,BX Fragment,-17.0266,0,1012.47213,1029.499634,123,132,-0.892654947,NTKYGDFGTA
1706,1707,BX Fragment,-17.0266,0,1153.69964,1170.724243,136,147,1.730813918,PDGLAVVGVFLK
1737,1738,BX Fragment,-17.0266,0,7338.63112,7355.662598,86,151,-0.664654338,TYRLVQFHFHWGSSDDQGSEHTVDRKKYAAELHLVHWNTKYGDFGTAAQQPDGLAVVGVFLKVGDA
1749,1750,BX Fragment,-17.0266,0,11535.48614,11552.59766,4,106,-7.361252389,WGYGKHNGPEHWHKDFPIANGERQSPVDIDTKAVVQDPALKPLALVYGEATSRRMVNNGHSFNVEYDDSQDKAVLKDGPLTGTYRLVQFHFHWGSSDDQGSEH
1753,1754,BX Fragment,-17.0266,0,27824.13153,27841.16406,9,258,-0.213214157,HNGPEHWHKDFPIANGERQSPVDIDTKAVVQDPALKPLALVYGEATSRRMVNNGHSFNVEYDDSQDKAVLKDGPLTGTYRLVQFHFHWGSSDDQGSEHTVDRKKYAAELHLVHWNTKYGDFGTAAQQPDGLAVVGVFLKVGDANPALQKVLDALDSIKTKGKSTDFPNFDPGSLLPNVLDYWTYPGSLTTPPLLESVTWIVLKEPISVSSQQMLKFRTLNFNAEGEPELLMLANWRPAQPLKNRQVRGFP
1766,1767,BZ Fragment,-17.0266,0,2264.10416,2281.131348,229,248,-0.259553473,FNAEGEPELLMLANWRPAQP
1795,1796,BZ Fragment,-17.0266,0,7090.69419,7107.723145,161,224,-0.332059232,ALDSIKTKGKSTDFPNFDPGSLLPNVLDYWTYPGSLTTPPLLESVTWIVLKEPISVSSQQMLKF
1797,1798,BZ Fragment,-17.0266,0,7958.87636,7975.902832,33,104,0.016078746,DTKAVVQDPALKPLALVYGEATSRRMVNNGHSFNVEYDDSQDKAVLKDGPLTGTYRLVQFHFHWGSSDDQGS
1803,1804,BZ Fragment,-17.0266,0,12143.39747,12160.42383,138,248,0.019918232,GLAVVGVFLKVGDANPALQKVLDALDSIKTKGKSTDFPNFDPGSLLPNVLDYWTYPGSLTTPPLLESVTWIVLKEPISVSSQQMLKFRTLNFNAEGEPELLMLANWRPAQP
1813,1814,CX Fragment,-17.0266,0,1437.84211,1454.870728,154,167,-1.403169526,ALQKVLDALDSIKT
1834,1835,CX Fragment,-17.0266,0,7425.58779,7442.598145,63,126,2.187773514,HSFNVEYDDSQDKAVLKDGPLTGTYRLVQFHFHWGSSDDQGSEHTVDRKKYAAELHLVHWNTKY
1845,1846,CY Fragment,-17.0266,0,607.27121,624.2984619,134,139,-1.073512711,QQPDGL
1854,1855,CY Fragment,-17.0266,0,3072.67506,3089.700439,29,57,0.397226305,PVDIDTKAVVQDPALKPLALVYGEATSRR
1878,1879,CY Fragment,-17.0266,0,7759.15583,7776.13916,146,217,5.576648543,LKVGDANPALQKVLDALDSIKTKGKSTDFPNFDPGSLLPNVLDYWTYPGSLTTPPLLESVTWIVLKEPISVS
1879,1880,CY Fragment,-17.0266,0,7842.85038,7859.880859,73,143,-0.49463816,QDKAVLKDGPLTGTYRLVQFHFHWGSSDDQGSEHTVDRKKYAAELHLVHWNTKYGDFGTAAQQPDGLAVVG
1882,1883,CY Fragment,-17.0266,0,15525.84064,15542.86426,35,176,0.192079008,KAVVQDPALKPLALVYGEATSRRMVNNGHSFNVEYDDSQDKAVLKDGPLTGTYRLVQFHFHWGSSDDQGSEHTVDRKKYAAELHLVHWNTKYGDFGTAAQQPDGLAVVGVFLKVGDANPALQKVLDALDSIKTKGKSTDFPN
1887,1888,CZ Fragment,-17.0266,0,1772.83848,1789.865845,119,134,-0.431356969,LVHWNTKYGDFGTAAQ
