,Fragment,Error,Assignment,Calculated,Start_site,End_site,Length,N_Type,C_Type
0,23969.20164,355.8614659999985,['RELEELNVPGEIVESLSSSEESITRINKKIEKFQSEEQQQTEDELQDKIHPFAQTQSLVYPFPGPIPNSLPQNIPPLTQTPVVVPPFLQPEVMGVSKVKEAMAPKHKEMPFPKYPVEPFTESQSLTLTDVENLHLPLPLLQSWMHQPHQPLPPTVMFPPQSVLSLSQSKVLPVPQKAVPYPQRDMPIQAFLLYQEPVLGPVRGPFPIIV_cp_xp'],23613.340174000008,[208],[417],[209],['cp'],['xp']
1,23990.1874,376.84722599999805,['RELEELNVPGEIVESLSSSEESITRINKKIEKFQSEEQQQTEDELQDKIHPFAQTQSLVYPFPGPIPNSLPQNIPPLTQTPVVVPPFLQPEVMGVSKVKEAMAPKHKEMPFPKYPVEPFTESQSLTLTDVENLHLPLPLLQSWMHQPHQPLPPTVMFPPQSVLSLSQSKVLPVPQKAVPYPQRDMPIQAFLLYQEPVLGPVRGPFPIIV_cp_xp'],23613.340174000008,[208],[417],[209],['cp'],['xp']
2,24010.20961,396.86943600000086,['RELEELNVPGEIVESLSSSEESITRINKKIEKFQSEEQQQTEDELQDKIHPFAQTQSLVYPFPGPIPNSLPQNIPPLTQTPVVVPPFLQPEVMGVSKVKEAMAPKHKEMPFPKYPVEPFTESQSLTLTDVENLHLPLPLLQSWMHQPHQPLPPTVMFPPQSVLSLSQSKVLPVPQKAVPYPQRDMPIQAFLLYQEPVLGPVRGPFPIIV_cp_xp'],23613.340174000008,[208],[417],[209],['cp'],['xp']
3,898.5496989,0.0012010999998892657,"['RGPFPIIV__yp', 'RGPFPIIV__yp']",898.5509,[200 201],"[208, 209]","[8, 8]","['', '']","['yp', 'yp']"
4,742.4468551,0.0005390999999690393,['INKKIE__y'],742.446316,[25],[31],[6],[''],['y']
5,23924.19569,310.8555159999996,['RELEELNVPGEIVESLSSSEESITRINKKIEKFQSEEQQQTEDELQDKIHPFAQTQSLVYPFPGPIPNSLPQNIPPLTQTPVVVPPFLQPEVMGVSKVKEAMAPKHKEMPFPKYPVEPFTESQSLTLTDVENLHLPLPLLQSWMHQPHQPLPPTVMFPPQSVLSLSQSKVLPVPQKAVPYPQRDMPIQAFLLYQEPVLGPVRGPFPIIV_cp_xp'],23613.340174000008,[208],[417],[209],['cp'],['xp']
6,441.3054917,0.001655299999924864,"['PIIV__yp', 'PIIV__yp']",441.30714699999993,[204 205],"[208, 209]","[4, 4]","['', '']","['yp', 'yp']"
7,1094.669055,0.003022999999984677,"['PVRGPFPIIV__yp', 'PVRGPFPIIV__yp']",1094.672078,[198 199],"[208, 209]","[10, 10]","['', '']","['yp', 'yp']"
8,1151.692247,0.0008349999998245039,['LSLSQSKVLPV__'],1151.6914120000001,[162],[173],[11],[''],['']
9,23950.19685,336.8566759999994,['RELEELNVPGEIVESLSSSEESITRINKKIEKFQSEEQQQTEDELQDKIHPFAQTQSLVYPFPGPIPNSLPQNIPPLTQTPVVVPPFLQPEVMGVSKVKEAMAPKHKEMPFPKYPVEPFTESQSLTLTDVENLHLPLPLLQSWMHQPHQPLPPTVMFPPQSVLSLSQSKVLPVPQKAVPYPQRDMPIQAFLLYQEPVLGPVRGPFPIIV_cp_xp'],23613.340174000008,[208],[417],[209],['cp'],['xp']
10,1460.898282,0.0005019999996420665,"['PVLGPVRGPFPIIV__yp', 'PVLGPVRGPFPIIV__yp']",1460.898784,[194 195],"[208, 209]","[14, 14]","['', '']","['yp', 'yp']"
11,545.3022747,0.0019132999999555977,['RELE_cp_'],545.304188,[3],[7],[4],['cp'],['']
12,24009.15262,395.8124459999999,['RELEELNVPGEIVESLSSSEESITRINKKIEKFQSEEQQQTEDELQDKIHPFAQTQSLVYPFPGPIPNSLPQNIPPLTQTPVVVPPFLQPEVMGVSKVKEAMAPKHKEMPFPKYPVEPFTESQSLTLTDVENLHLPLPLLQSWMHQPHQPLPPTVMFPPQSVLSLSQSKVLPVPQKAVPYPQRDMPIQAFLLYQEPVLGPVRGPFPIIV_cp_xp'],23613.340174000008,[208],[417],[209],['cp'],['xp']
13,24031.18859,417.8484160000007,['RELEELNVPGEIVESLSSSEESITRINKKIEKFQSEEQQQTEDELQDKIHPFAQTQSLVYPFPGPIPNSLPQNIPPLTQTPVVVPPFLQPEVMGVSKVKEAMAPKHKEMPFPKYPVEPFTESQSLTLTDVENLHLPLPLLQSWMHQPHQPLPPTVMFPPQSVLSLSQSKVLPVPQKAVPYPQRDMPIQAFLLYQEPVLGPVRGPFPIIV_cp_xp'],23613.340174000008,[208],[417],[209],['cp'],['xp']
14,674.3451391,0.00048190000006798073,['VMFPPQ_ap_z'],674.3456210000002,[154],[160],[6],['ap'],['z']
15,23949.2083,335.8681259999976,['RELEELNVPGEIVESLSSSEESITRINKKIEKFQSEEQQQTEDELQDKIHPFAQTQSLVYPFPGPIPNSLPQNIPPLTQTPVVVPPFLQPEVMGVSKVKEAMAPKHKEMPFPKYPVEPFTESQSLTLTDVENLHLPLPLLQSWMHQPHQPLPPTVMFPPQSVLSLSQSKVLPVPQKAVPYPQRDMPIQAFLLYQEPVLGPVRGPFPIIV_cp_xp'],23613.340174000008,[208],[417],[209],['cp'],['xp']
16,787.4293082,0.001537799999937306,['RELEEL_cp_'],787.430846,[5],[11],[6],['cp'],['']
17,1136.681816,0.000826999999844702,['VLGPVRGPFPI__zp'],1136.6826429999999,[196],[207],[11],[''],['zp']
18,4809.679344,0.0013129999997545383,"['QSKVLPVPQKAVPYPQRDMPIQAFLLYQEPVLGPVRGPFPIIV_bp_z', 'QSKVLPVPQKAVPYPQRDMPIQAFLLYQEPVLGPVRGPFPIIV_bp_z']",4809.680657000001,[165 166],"[208, 209]","[43, 43]","['bp', 'bp']","['z', 'z']"
19,416.2599403,0.0016536999999630098,['REL_cp_'],416.26159399999995,[2],[5],[3],['cp'],['']
20,1032.607394,0.0006219999999075299,['NKKIEKFQ_c_'],1032.608016,[26],[34],[8],['c'],['']
21,1573.924292,0.0016379999999571737,"['EPVLGPVRGPFPIIV_bp_z', 'EPVLGPVRGPFPIIV_bp_z']",1573.922654,[193 194],"[208, 209]","[15, 15]","['bp', 'bp']","['z', 'z']"
22,5396.015605,0.002318999998351501,"['SVLSLSQSKVLPVPQKAVPYPQRDMPIQAFLLYQEPVLGPVRGPFPIIV_bp_z', 'SVLSLSQSKVLPVPQKAVPYPQRDMPIQAFLLYQEPVLGPVRGPFPIIV_bp_z']",5396.013286000002,[159 160],"[208, 209]","[49, 49]","['bp', 'bp']","['z', 'z']"
23,23925.23737,311.8971959999981,['RELEELNVPGEIVESLSSSEESITRINKKIEKFQSEEQQQTEDELQDKIHPFAQTQSLVYPFPGPIPNSLPQNIPPLTQTPVVVPPFLQPEVMGVSKVKEAMAPKHKEMPFPKYPVEPFTESQSLTLTDVENLHLPLPLLQSWMHQPHQPLPPTVMFPPQSVLSLSQSKVLPVPQKAVPYPQRDMPIQAFLLYQEPVLGPVRGPFPIIV_cp_xp'],23613.340174000008,[208],[417],[209],['cp'],['xp']
24,901.4724715,0.00014150000004065078,['PPTVMFPP_cp_y'],901.472613,[151],[159],[8],['cp'],['y']
25,1264.775786,0.0018199999999524152,"['LGPVRGPFPIIV__yp', 'VLGPVRGPFPII__yp', 'LGPVRGPFPIIV__yp']",1264.777606,[196 196 197],"[208, 208, 209]","[12, 12, 12]","['', '', '']","['yp', 'yp', 'yp']"
26,303.1760413,0.0014886999999816908,['QR__yp'],303.17753,[181],[183],[2],[''],['yp']
27,23909.20347,295.86329599999954,['RELEELNVPGEIVESLSSSEESITRINKKIEKFQSEEQQQTEDELQDKIHPFAQTQSLVYPFPGPIPNSLPQNIPPLTQTPVVVPPFLQPEVMGVSKVKEAMAPKHKEMPFPKYPVEPFTESQSLTLTDVENLHLPLPLLQSWMHQPHQPLPPTVMFPPQSVLSLSQSKVLPVPQKAVPYPQRDMPIQAFLLYQEPVLGPVRGPFPIIV_cp_xp'],23613.340174000008,[208],[417],[209],['cp'],['xp']
28,864.4673411,0.002080900000009933,"['PIPNSLPQ_ap_xp', 'SLPQNIPP_ap_xp']",864.4694220000001,[64 68],"[72, 76]","[8, 8]","['ap', 'ap']","['xp', 'xp']"
29,4896.713118,0.00043199999981879955,"['SQSKVLPVPQKAVPYPQRDMPIQAFLLYQEPVLGPVRGPFPIIV_bp_z', 'SQSKVLPVPQKAVPYPQRDMPIQAFLLYQEPVLGPVRGPFPIIV_bp_z']",4896.712686000002,[164 165],"[208, 209]","[44, 44]","['bp', 'bp']","['z', 'z']"
30,1283.658144,0.0002540000000408327,['PTVMFPPQSVLS__'],1283.658398,[152],[164],[12],[''],['']
31,5096.82889,0.00011099999846919673,['VLSLSQSKVLPVPQKAVPYPQRDMPIQAFLLYQEPVLGPVRGPFPI_bp_z'],5096.828779000002,[161],[207],[46],['bp'],['z']
32,882.5303439,0.0018320999997740728,"['RGPFPIIV_bp_z', 'RGPFPIIV_bp_z']",882.532176,[200 201],"[208, 209]","[8, 8]","['bp', 'bp']","['z', 'z']"
33,1624.85383,0.0002519999998185085,['RELEELNVPGEIVE_cp_'],1624.8540819999998,[13],[27],[14],['cp'],['']
34,231.1687185,0.001600499999966587,"['IV__yp', 'LV__yp', 'VL__yp', 'VL__yp', 'VL__yp', 'IV__yp', 'IV__yp']",231.17031899999998,[ 11  57 161 169 196 206 207],"[13, 59, 163, 171, 198, 208, 209]","[2, 2, 2, 2, 2, 2, 2]","['', '', '', '', '', '', '']","['yp', 'yp', 'yp', 'yp', 'yp', 'yp', 'yp']"
35,6728.707478,0.004159999999501451,"['QPLPPTVMFPPQSVLSLSQSKVLPVPQKAVPYPQRDMPIQAFLLYQEPVLGPVRGPFPIIV_bp_z', 'QPLPPTVMFPPQSVLSLSQSKVLPVPQKAVPYPQRDMPIQAFLLYQEPVLGPVRGPFPIIV_bp_z']",6728.703318,[147 148],"[208, 209]","[61, 61]","['bp', 'bp']","['z', 'z']"
36,7385.317903,0.32983299999978044,['LHLPLPLLQSWMHQPHQPLPPTVMFPPQSVLSLSQSKVLPVPQKAVPYPQRDMPIQAFLLYQEPV_ap_zp'],7384.988069999999,[132],[197],[65],['ap'],['zp']
37,5865.249931,0.004124999999476131,"['FPPQSVLSLSQSKVLPVPQKAVPYPQRDMPIQAFLLYQEPVLGPVRGPFPIIV_bp_z', 'FPPQSVLSLSQSKVLPVPQKAVPYPQRDMPIQAFLLYQEPVLGPVRGPFPIIV_bp_z']",5865.245806000003,[155 156],"[208, 209]","[53, 53]","['bp', 'bp']","['z', 'z']"
38,6195.402393,0.007285000000592845,"['TVMFPPQSVLSLSQSKVLPVPQKAVPYPQRDMPIQAFLLYQEPVLGPVRGPFPIIV__z', 'TVMFPPQSVLSLSQSKVLPVPQKAVPYPQRDMPIQAFLLYQEPVLGPVRGPFPIIV__z']",6195.395108000001,[152 153],"[208, 209]","[56, 56]","['', '']","['z', 'z']"
39,1154.61548,0.00032400000009147334,['VPPFLQPEVM_c_'],1154.615804,[83],[93],[10],['c'],['']
40,4157.290275,0.00043000000005122274,"['VPQKAVPYPQRDMPIQAFLLYQEPVLGPVRGPFPIIV_bp_z', 'VPQKAVPYPQRDMPIQAFLLYQEPVLGPVRGPFPIIV_bp_z']",4157.289845,[171 172],"[208, 209]","[37, 37]","['bp', 'bp']","['z', 'z']"
41,3833.112748,0.0026590000002215675,"['KAVPYPQRDMPIQAFLLYQEPVLGPVRGPFPIIV_bp_z', 'KAVPYPQRDMPIQAFLLYQEPVLGPVRGPFPIIV_bp_z']",3833.1100889999993,[174 175],"[208, 209]","[34, 34]","['bp', 'bp']","['z', 'z']"
42,4269.35645,0.0029420000000754953,"['PVPQKAVPYPQRDMPIQAFLLYQEPVLGPVRGPFPIIV_bp_y', 'PVPQKAVPYPQRDMPIQAFLLYQEPVLGPVRGPFPIIV_bp_y']",4269.353508,[170 171],"[208, 209]","[38, 38]","['bp', 'bp']","['y', 'y']"
43,3438.866837,0.00032599999985905015,['QTQSLVYPFPGPIPNSLPQNIPPLTQTPVVVP__yp'],3438.8671629999994,[53],[85],[32],[''],['yp']
44,5733.192355,0.004064000000653323,"['PPQSVLSLSQSKVLPVPQKAVPYPQRDMPIQAFLLYQEPVLGPVRGPFPIIV_bp_y', 'PPQSVLSLSQSKVLPVPQKAVPYPQRDMPIQAFLLYQEPVLGPVRGPFPIIV_bp_y']",5733.188291000003,[156 157],"[208, 209]","[52, 52]","['bp', 'bp']","['y', 'y']"
45,4681.625674,0.0035950000001321314,"['SKVLPVPQKAVPYPQRDMPIQAFLLYQEPVLGPVRGPFPIIV_bp_z', 'SKVLPVPQKAVPYPQRDMPIQAFLLYQEPVLGPVRGPFPIIV_bp_z']",4681.622079000001,[166 167],"[208, 209]","[42, 42]","['bp', 'bp']","['z', 'z']"
46,638.3491627,0.0008473000000321917,['QDKIH_c_'],638.35001,[45],[50],[5],['c'],['']
47,1248.759181,0.00029900000004090543,"['LGPVRGPFPIIV_bp_z', 'VLGPVRGPFPII_bp_z', 'LGPVRGPFPIIV_bp_z']",1248.758882,[196 196 197],"[208, 208, 209]","[12, 12, 12]","['bp', 'bp', 'bp']","['z', 'z', 'z']"
48,5009.798657,0.0019069999998464482,"['LSQSKVLPVPQKAVPYPQRDMPIQAFLLYQEPVLGPVRGPFPIIV_bp_z', 'LSQSKVLPVPQKAVPYPQRDMPIQAFLLYQEPVLGPVRGPFPIIV_bp_z']",5009.796750000001,[163 164],"[208, 209]","[45, 45]","['bp', 'bp']","['z', 'z']"
49,1472.787762,0.0018670000001748122,['IHPFAQTQSLVYP_a_yp'],1472.789629,[48],[61],[13],['a'],['yp']
50,554.3279712,0.0017027999999754684,['PPLTQ_cp_'],554.329674,[74],[79],[5],['cp'],['']
51,5209.91229,0.0005530000007638591,"['LSLSQSKVLPVPQKAVPYPQRDMPIQAFLLYQEPVLGPVRGPFPIIV_bp_z', 'VLSLSQSKVLPVPQKAVPYPQRDMPIQAFLLYQEPVLGPVRGPFPII_bp_z', 'LSLSQSKVLPVPQKAVPYPQRDMPIQAFLLYQEPVLGPVRGPFPIIV_bp_z']",5209.912843000003,[161 161 162],"[208, 208, 209]","[47, 47, 47]","['bp', 'bp', 'bp']","['z', 'z', 'z']"
52,512.2822606,0.0004634000000010019,['DKIH__yp'],512.282724,[46],[50],[4],[''],['yp']
53,3460.834837,0.0003959999999096908,['MHQPHQPLPPTVMFPPQSVLSLSQSKVLPVP_cp_xp'],3460.8352330000002,[143],[174],[31],['cp'],['xp']
54,23928.16111,314.8209360000001,['RELEELNVPGEIVESLSSSEESITRINKKIEKFQSEEQQQTEDELQDKIHPFAQTQSLVYPFPGPIPNSLPQNIPPLTQTPVVVPPFLQPEVMGVSKVKEAMAPKHKEMPFPKYPVEPFTESQSLTLTDVENLHLPLPLLQSWMHQPHQPLPPTVMFPPQSVLSLSQSKVLPVPQKAVPYPQRDMPIQAFLLYQEPVLGPVRGPFPIIV_cp_xp'],23613.340174000008,[208],[417],[209],['cp'],['xp']
55,983.5140148,0.00033080000002883025,['KHKEMPFP_a_y'],983.513684,[104],[112],[8],['a'],['y']
56,1092.655257,0.0011709999998856802,['PVLGPVRGPFP_a_zp'],1092.656428,[195],[206],[11],['a'],['zp']
57,3049.685106,0.0029429999999592837,"['RDMPIQAFLLYQEPVLGPVRGPFPIIV_bp_z', 'RDMPIQAFLLYQEPVLGPVRGPFPIIV_bp_z']",3049.6821629999995,[181 182],"[208, 209]","[27, 27]","['bp', 'bp']","['z', 'z']"
58,7628.43608,0.3381299999991825,"['PLPLLQSWMHQPHQPLPPTVMFPPQSVLSLSQSKVLPVPQKAVPYPQRDMPIQAFLLYQEPVLGPVRG__zp', 'LPLLQSWMHQPHQPLPPTVMFPPQSVLSLSQSKVLPVPQKAVPYPQRDMPIQAFLLYQEPVLGPVRGP__zp']",7628.09795,[135 136],"[203, 204]","[68, 68]","['', '']","['zp', 'zp']"
59,955.5196409,0.0010830999999598134,['RELEELNV_ap_'],955.520724,[7],[15],[8],['ap'],['']
60,685.4266834,0.00025040000002718443,['KIHPFA_ap_yp'],685.426433,[47],[53],[6],['ap'],['yp']
61,7090.87901,0.005437999998321175,"['QPHQPLPPTVMFPPQSVLSLSQSKVLPVPQKAVPYPQRDMPIQAFLLYQEPVLGPVRGPFPIIV_bp_z', 'QPHQPLPPTVMFPPQSVLSLSQSKVLPVPQKAVPYPQRDMPIQAFLLYQEPVLGPVRGPFPIIV_bp_z']",7090.873572000002,[144 145],"[208, 209]","[64, 64]","['bp', 'bp']","['z', 'z']"
62,4367.426348,0.00032499999906576704,['VLPVPQKAVPYPQRDMPIQAFLLYQEPVLGPVRGPFPII_bp_z'],4367.426672999999,[169],[208],[39],['bp'],['z']
63,4939.719263,0.0013120000003254972,"['SQSKVLPVPQKAVPYPQRDMPIQAFLLYQEPVLGPVRGPFPIIV_bp_xp', 'SQSKVLPVPQKAVPYPQRDMPIQAFLLYQEPVLGPVRGPFPIIV_bp_xp']",4939.717951000001,[164 165],"[208, 209]","[44, 44]","['bp', 'bp']","['xp', 'xp']"
64,4594.59208,0.00202999999964959,"['KVLPVPQKAVPYPQRDMPIQAFLLYQEPVLGPVRGPFPIIV_bp_z', 'KVLPVPQKAVPYPQRDMPIQAFLLYQEPVLGPVRGPFPIIV_bp_z']",4594.590050000001,[167 168],"[208, 209]","[41, 41]","['bp', 'bp']","['z', 'z']"
65,7221.250456,0.3799140000019179,['EAMAPKHKEMPFPKYPVEPFTESQSLTLTDVENLHLPLPLLQSWMHQPHQPLPPTVMFPPQSV_bp_z'],7221.630370000003,[99],[162],[63],['bp'],['z']
66,7633.087663,0.004472999999961758,"['SWMHQPHQPLPPTVMFPPQSVLSLSQSKVLPVPQKAVPYPQRDMPIQAFLLYQEPVLGPVRGPFPIIV__zp', 'SWMHQPHQPLPPTVMFPPQSVLSLSQSKVLPVPQKAVPYPQRDMPIQAFLLYQEPVLGPVRGPFPIIV__zp']",7633.092136000002,[140 141],"[208, 209]","[68, 68]","['', '']","['zp', 'zp']"
67,4073.233943,0.0016129999999066058,"['PQKAVPYPQRDMPIQAFLLYQEPVLGPVRGPFPIIV_bp_y', 'VPQKAVPYPQRDMPIQAFLLYQEPVLGPVRGPFPII_bp_y', 'PQKAVPYPQRDMPIQAFLLYQEPVLGPVRGPFPIIV_bp_y']",4073.23233,[172 172 173],"[208, 208, 209]","[36, 36, 36]","['bp', 'bp', 'bp']","['y', 'y', 'y']"
68,1097.594008,0.00021700000024793553,"['QPLPPTVMFP_ap_y', 'LPPTVMFPPQ_ap_y']",1097.5937909999998,[148 150],"[158, 160]","[10, 10]","['ap', 'ap']","['y', 'y']"
69,4297.348574,0.000699999999596912,"['PVPQKAVPYPQRDMPIQAFLLYQEPVLGPVRGPFPIIV_bp_xp', 'PVPQKAVPYPQRDMPIQAFLLYQEPVLGPVRGPFPIIV_bp_xp']",4297.347874,[170 171],"[208, 209]","[38, 38]","['bp', 'bp']","['xp', 'xp']"
70,583.3221791,0.0016809000001103414,"['PPFLQ_bp_', 'PFLQP_bp_']",583.3238600000001,[84 85],"[89, 90]","[5, 5]","['bp', 'bp']","['', '']"
71,7227.937737,0.005252999999356689,"['HQPHQPLPPTVMFPPQSVLSLSQSKVLPVPQKAVPYPQRDMPIQAFLLYQEPVLGPVRGPFPIIV_bp_z', 'HQPHQPLPPTVMFPPQSVLSLSQSKVLPVPQKAVPYPQRDMPIQAFLLYQEPVLGPVRGPFPIIV_bp_z']",7227.932484000001,[143 144],"[208, 209]","[65, 65]","['bp', 'bp']","['z', 'z']"
72,2778.555585,0.00023300000020753941,['GPIPNSLPQNIPPLTQTPVVVPPFLQ_c_y'],2778.555818,[63],[89],[26],['c'],['y']
73,2309.323639,0.00542200000018056,"['AFLLYQEPVLGPVRGPFPIIV_bp_z', 'AFLLYQEPVLGPVRGPFPIIV_bp_z']",2309.3182169999995,[187 188],"[208, 209]","[21, 21]","['bp', 'bp']","['z', 'z']"
74,2091.216603,0.003297000000202388,['LSQSKVLPVPQKAVPYPQR_ap_z'],2091.2199,[164],[183],[19],['ap'],['z']
75,439.2793837,0.0004627000000141379,['PLPP_cp_y'],439.27892099999997,[149],[153],[4],['cp'],['y']
76,3289.808062,0.0036580000000867585,"['PQRDMPIQAFLLYQEPVLGPVRGPFPIIV_bp_y', 'PQRDMPIQAFLLYQEPVLGPVRGPFPIIV_bp_y']",3289.8044039999995,[179 180],"[208, 209]","[29, 29]","['bp', 'bp']","['y', 'y']"
77,1134.668978,0.0014359999997850537,"['GPVRGPFPIIV__z', 'GPVRGPFPIIV__z']",1134.6675420000001,[197 198],"[208, 209]","[11, 11]","['', '']","['z', 'z']"
78,609.3397248,0.0002147999999806416,"['PFPGPI_bp_', 'FPGPIP_bp_']",609.33951,[60 61],"[66, 67]","[6, 6]","['bp', 'bp']","['', '']"
79,1396.742293,0.00016899999991437653,['PTVMFPPQSVLSL__'],1396.742462,[152],[165],[13],[''],['']
80,1034.613142,0.0014209999999366119,['LGPVRGPFPI_bp_'],1034.614563,[197],[207],[10],['bp'],['']
81,8856.107047,0.37444999999934225,['ELEELNVPGEIVESLSSSEESITRINKKIEKFQSEEQQQTEDELQDKIHPFAQTQSLVYPFPGPIPNSLPQNIPPLTQ_bp_yp'],8856.481497,[1],[79],[78],['bp'],['yp']
82,479.2846664,0.0001464000000055421,['RGPF_cp_zp'],479.28451999999993,[201],[205],[4],['cp'],['zp']
83,2239.292074,4.3000000005122274e-05,['SLSQSKVLPVPQKAVPYPQR_c_yp'],2239.2921170000004,[163],[183],[20],['c'],['yp']
84,3549.922068,0.001570999999785272,['VPYPQRDMPIQAFLLYQEPVLGPVRGPFPII_bp_y'],3549.9204969999996,[177],[208],[31],['bp'],['y']
85,1228.6681,0.00035099999990961805,"['PGPIPNSLPQNI_bp_', 'GPIPNSLPQNIP_bp_']",1228.668451,[62 63],"[74, 75]","[12, 12]","['bp', 'bp']","['', '']"
86,10447.55073,0.002034000001003733,"['EPFTESQSLTLTDVENLHLPLPLLQSWMHQPHQPLPPTVMFPPQSVLSLSQSKVLPVPQKAVPYPQRDMPIQAFLLYQEPVLGPVRGPFPIIV_bp_z', 'VEPFTESQSLTLTDVENLHLPLPLLQSWMHQPHQPLPPTVMFPPQSVLSLSQSKVLPVPQKAVPYPQRDMPIQAFLLYQEPVLGPVRGPFPII_bp_z', 'EPFTESQSLTLTDVENLHLPLPLLQSWMHQPHQPLPPTVMFPPQSVLSLSQSKVLPVPQKAVPYPQRDMPIQAFLLYQEPVLGPVRGPFPIIV_bp_z']",10447.548696000002,[115 115 116],"[208, 208, 209]","[93, 93, 93]","['bp', 'bp', 'bp']","['z', 'z', 'z']"
87,741.440001,0.0006199999999125794,['PVRGPFP_a_yp'],741.440621,[199],[206],[7],['a'],['yp']
88,24053.11305,439.7728759999991,['RELEELNVPGEIVESLSSSEESITRINKKIEKFQSEEQQQTEDELQDKIHPFAQTQSLVYPFPGPIPNSLPQNIPPLTQTPVVVPPFLQPEVMGVSKVKEAMAPKHKEMPFPKYPVEPFTESQSLTLTDVENLHLPLPLLQSWMHQPHQPLPPTVMFPPQSVLSLSQSKVLPVPQKAVPYPQRDMPIQAFLLYQEPVLGPVRGPFPIIV_cp_xp'],23613.340174000008,[208],[417],[209],['cp'],['xp']
89,500.2810618,0.0016622000000552362,['RELE_ap_'],500.282724,[3],[7],[4],['ap'],['']
90,1014.59718,0.009069999999951506,['LSQSKVLPV_cp_xp'],1014.6062499999999,[164],[173],[9],['cp'],['xp']
91,2800.538094,0.0008360000001630397,['PVVVPPFLQPEVMGVSKVKEAMAPKH_bp_zp'],2800.5372580000003,[80],[106],[26],['bp'],['zp']
92,981.5994962,0.0005448000000569664,['PVRGPFPII_bp_zp'],981.600041,[199],[208],[9],['bp'],['zp']
93,8770.776003,0.005426000001534703,"['NLHLPLPLLQSWMHQPHQPLPPTVMFPPQSVLSLSQSKVLPVPQKAVPYPQRDMPIQAFLLYQEPVLGPVRGPFPIIV_bp_z', 'NLHLPLPLLQSWMHQPHQPLPPTVMFPPQSVLSLSQSKVLPVPQKAVPYPQRDMPIQAFLLYQEPVLGPVRGPFPIIV_bp_z']",8770.770577,[130 131],"[208, 209]","[78, 78]","['bp', 'bp']","['z', 'z']"
94,933.5383913,0.0012107000000014523,['PVLGPVRGP_c_x'],933.5396020000001,[195],[204],[9],['c'],['x']
95,625.3689797,0.00103630000000976,"['PVRGPF_a_', 'VRGPFP_a_']",625.370016,[199 200],"[205, 206]","[6, 6]","['a', 'a']","['', '']"
96,1865.050575,0.0014820000001236622,"['EESITRINKKIEKFQ_c_zp', 'ITRINKKIEKFQSEE_c_zp']",1865.0490929999999,[19 22],"[34, 37]","[15, 15]","['c', 'c']","['zp', 'zp']"
97,23919.16039,305.8202160000001,['RELEELNVPGEIVESLSSSEESITRINKKIEKFQSEEQQQTEDELQDKIHPFAQTQSLVYPFPGPIPNSLPQNIPPLTQTPVVVPPFLQPEVMGVSKVKEAMAPKHKEMPFPKYPVEPFTESQSLTLTDVENLHLPLPLLQSWMHQPHQPLPPTVMFPPQSVLSLSQSKVLPVPQKAVPYPQRDMPIQAFLLYQEPVLGPVRGPFPIIV_cp_xp'],23613.340174000008,[208],[417],[209],['cp'],['xp']
98,683.4091053,9.669999997186096e-05,['IPPLTQ_c_y'],683.409202,[73],[79],[6],['c'],['y']
99,472.2900779,0.0014749000000051637,['VPGEI_ap_zp'],472.288603,[7],[12],[5],['ap'],['zp']
100,1839.023279,0.005082999999785898,['LVYPFPGPIPNSLPQNI_ap_yp'],1839.0283620000002,[57],[74],[17],['ap'],['yp']
101,453.2439409,0.0015588999998499276,['SLSSS_ap_yp'],453.2423820000001,[14],[19],[5],['ap'],['yp']
102,10806.71181,0.0045460000019375,['ELQDKIHPFAQTQSLVYPFPGPIPNSLPQNIPPLTQTPVVVPPFLQPEVMGVSKVKEAMAPKHKEMPFPKYPVEPFTESQSLTLTDVENLHLPLPLL__'],10806.707264000004,[43],[140],[97],[''],['']
103,9113.909207,0.000678000002153567,"['DVENLHLPLPLLQSWMHQPHQPLPPTVMFPPQSVLSLSQSKVLPVPQKAVPYPQRDMPIQAFLLYQEPVLGPVRGPFPIIV_bp_z', 'DVENLHLPLPLLQSWMHQPHQPLPPTVMFPPQSVLSLSQSKVLPVPQKAVPYPQRDMPIQAFLLYQEPVLGPVRGPFPIIV_bp_z']",9113.908528999998,[127 128],"[208, 209]","[81, 81]","['bp', 'bp']","['z', 'z']"
104,7239.287099,0.293760999999904,['EELNVPGEIVESLSSSEESITRINKKIEKFQSEEQQQTEDELQDKIHPFAQTQSLVYPFPGPI__xp'],7239.580859999999,[3],[66],[63],[''],['xp']
105,925.5128089,0.001306900000031419,['LNVPGEIVE_ap_z'],925.5115020000001,[5],[14],[9],['ap'],['z']
106,668.3861545,0.0004275000000006912,['QSKVLP_a_x'],668.385727,[166],[172],[6],['a'],['x']
107,749.4193137,9.569999997438572e-05,['QPLPPTV_a_xp'],749.419218,[148],[155],[7],['a'],['xp']
108,9429.091947,0.003996000001279754,"['TLTDVENLHLPLPLLQSWMHQPHQPLPPTVMFPPQSVLSLSQSKVLPVPQKAVPYPQRDMPIQAFLLYQEPVLGPVRGPFPIIV_bp_z', 'TLTDVENLHLPLPLLQSWMHQPHQPLPPTVMFPPQSVLSLSQSKVLPVPQKAVPYPQRDMPIQAFLLYQEPVLGPVRGPFPIIV_bp_z']",9429.087950999996,[124 125],"[208, 209]","[84, 84]","['bp', 'bp']","['z', 'z']"
109,856.4501687,0.0009803000000374595,['PPTVMFPP_ap_y'],856.4511490000001,[151],[159],[8],['ap'],['y']
110,9409.445864,0.3686519999992015,['VESLSSSEESITRINKKIEKFQSEEQQQTEDELQDKIHPFAQTQSLVYPFPGPIPNSLPQNIPPLTQTPVVVPPFLQPEVMGVS__yp'],9409.814516,[12],[96],[84],[''],['yp']
111,3437.853233,0.002401000000645581,['MFPPQSVLSLSQSKVLPVPQKAVPYPQRDMP_ap_yp'],3437.855634,[155],[186],[31],['ap'],['yp']
112,3633.98437,0.005567000000610278,['VMFPPQSVLSLSQSKVLPVPQKAVPYPQRDMPI_a_zp'],3633.9899370000003,[154],[187],[33],['a'],['zp']
113,8404.872414,0.2795819999992091,"['LPLPLLQSWMHQPHQPLPPTVMFPPQSVLSLSQSKVLPVPQKAVPYPQRDMPIQAFLLYQEPVLGPVRGPFPIIV_bp_', 'LPLPLLQSWMHQPHQPLPPTVMFPPQSVLSLSQSKVLPVPQKAVPYPQRDMPIQAFLLYQEPVLGPVRGPFPIIV_bp_']",8404.592831999998,[133 134],"[208, 209]","[75, 75]","['bp', 'bp']","['', '']"
114,957.5354689,0.0009051000001818466,['PQSVLSLSQ_cp_'],957.5363740000001,[158],[167],[9],['cp'],['']
115,4410.435523,0.002290000000357395,['QSVLSLSQSKVLPVPQKAVPYPQRDMPIQAFLLYQEPVL_cp_zp'],4410.437813000001,[159],[198],[39],['cp'],['zp']
116,781.4703135,0.000522499999988213,['SKVLPVP_c_x'],781.469791,[167],[174],[7],['c'],['x']
117,883.5402079,0.00020690000008016796,['VRGPFPII__zp'],883.540001,[200],[208],[8],[''],['zp']
118,588.3519993,0.004818299999897135,['PQSVLS_ap_zp'],588.3471810000001,[158],[164],[6],['ap'],['zp']
119,481.2923745,0.002339500000005046,['KVLP__x'],481.290035,[168],[172],[4],[''],['x']
120,1054.589083,5.499999974745151e-05,['PPQSVLSLSQ_cp_'],1054.5891380000003,[157],[167],[10],['cp'],['']
121,3846.732427,0.08092699999997421,['FQSEEQQQTEDELQDKIHPFAQTQSLVYPFPGP__zp'],3846.8133539999994,[32],[65],[33],[''],['zp']
122,5252.921314,0.0032059999994089594,"['LSLSQSKVLPVPQKAVPYPQRDMPIQAFLLYQEPVLGPVRGPFPIIV_bp_xp', 'VLSLSQSKVLPVPQKAVPYPQRDMPIQAFLLYQEPVLGPVRGPFPII_bp_xp', 'LSLSQSKVLPVPQKAVPYPQRDMPIQAFLLYQEPVLGPVRGPFPIIV_bp_xp']",5252.918108000003,[161 161 162],"[208, 208, 209]","[47, 47, 47]","['bp', 'bp', 'bp']","['xp', 'xp', 'xp']"
123,395.2636749,0.0008130999999593769,['KIH_c_'],395.264488,[47],[50],[3],['c'],['']
124,760.4335683,0.0015943000000788743,['VPGEIVE_cp_yp'],760.431974,[7],[14],[7],['cp'],['yp']
125,365.2166232,0.0017087999999603198,"['PGPI_bp_', 'GPIP_bp_']",365.218332,[62 63],"[66, 67]","[4, 4]","['bp', 'bp']","['', '']"
126,325.2217705,0.0016464999999357133,"['PIP_cp_', 'IPP_cp_', 'PPL_cp_', 'PLP_cp_', 'PLP_cp_', 'LPP_cp_']",325.2234169999999,[ 64  73  74 135 149 150],"[67, 76, 77, 138, 152, 153]","[3, 3, 3, 3, 3, 3]","['cp', 'cp', 'cp', 'cp', 'cp', 'cp']","['', '', '', '', '', '']"
127,2779.568419,0.005325000000084401,['GPIPNSLPQNIPPLTQTPVVVPPFLQ_cp_y'],2779.5630939999996,[63],[89],[26],['cp'],['y']
128,3440.171019,0.24047099999961574,['PLPPTVMFPPQSVLSLSQSKVLPVPQKAVPYP_c_'],3439.930548,[149],[181],[32],['c'],['']
129,324.2265364,0.0008376000000112072,['PVR_a_'],324.227374,[199],[202],[3],['a'],['']
130,4200.29451,0.000600000000304135,"['VPQKAVPYPQRDMPIQAFLLYQEPVLGPVRGPFPIIV_bp_xp', 'VPQKAVPYPQRDMPIQAFLLYQEPVLGPVRGPFPIIV_bp_xp']",4200.29511,[171 172],"[208, 209]","[37, 37]","['bp', 'bp']","['xp', 'xp']"
131,1589.938347,0.00019700000029843068,['LTDVENLHLPLPLL_cp_zp'],1589.9381499999995,[126],[140],[14],['cp'],['zp']
132,23879.19661,265.8564359999982,['RELEELNVPGEIVESLSSSEESITRINKKIEKFQSEEQQQTEDELQDKIHPFAQTQSLVYPFPGPIPNSLPQNIPPLTQTPVVVPPFLQPEVMGVSKVKEAMAPKHKEMPFPKYPVEPFTESQSLTLTDVENLHLPLPLLQSWMHQPHQPLPPTVMFPPQSVLSLSQSKVLPVPQKAVPYPQRDMPIQAFLLYQEPVLGPVRGPFPIIV_cp_xp'],23613.340174000008,[208],[417],[209],['cp'],['xp']
133,2893.584122,0.00011900000026798807,['SLSQSKVLPVPQKAVPYPQRDMPIQA_cp_y'],2893.584241000001,[163],[189],[26],['cp'],['y']
134,908.4864499,0.00038809999989553035,['DKIHPFAQ_a_'],908.4868379999999,[46],[54],[8],['a'],['']
135,7357.961515,0.0041780000010476215,"['MHQPHQPLPPTVMFPPQSVLSLSQSKVLPVPQKAVPYPQRDMPIQAFLLYQEPVLGPVRGPFPIIV__z', 'MHQPHQPLPPTVMFPPQSVLSLSQSKVLPVPQKAVPYPQRDMPIQAFLLYQEPVLGPVRGPFPIIV__z']",7357.965693000002,[142 143],"[208, 209]","[66, 66]","['', '']","['z', 'z']"
136,7238.282455,0.2911290000010922,['EELNVPGEIVESLSSSEESITRINKKIEKFQSEEQQQTEDELQDKIHPFAQTQSLVYPFPGPI__x'],7238.573584,[3],[66],[63],[''],['x']
137,1290.758012,0.0011409999999614229,['LPVPQKAVPYPQ_ap_'],1290.756871,[170],[182],[12],['ap'],['']
138,1351.72309,0.001479999999901338,['NKKIEKFQSEE_a_yp'],1351.72161,[26],[37],[11],['a'],['yp']
139,326.1694348,0.0008192000000235566,['RGP_a_x'],326.170254,[201],[204],[3],['a'],['x']
140,502.2965799,0.0017940999999837004,"['LQDK_cp_', 'QDKI_cp_']",502.29837399999997,[44 45],"[48, 49]","[4, 4]","['cp', 'cp']","['', '']"
141,6405.519746,0.0009350000000267755,"['PPTVMFPPQSVLSLSQSKVLPVPQKAVPYPQRDMPIQAFLLYQEPVLGPVRGPFPIIV_bp_y', 'PPTVMFPPQSVLSLSQSKVLPVPQKAVPYPQRDMPIQAFLLYQEPVLGPVRGPFPIIV_bp_y']",6405.518811000001,[150 151],"[208, 209]","[58, 58]","['bp', 'bp']","['y', 'y']"
142,371.2385074,0.001622599999961949,['PVR__yp'],371.24012999999997,[199],[202],[3],[''],['yp']
143,6615.662619,0.006980000000112341,"['PLPPTVMFPPQSVLSLSQSKVLPVPQKAVPYPQRDMPIQAFLLYQEPVLGPVRGPFPIIV_bp_y', 'PLPPTVMFPPQSVLSLSQSKVLPVPQKAVPYPQRDMPIQAFLLYQEPVLGPVRGPFPIIV_bp_y']",6615.655639,[148 149],"[208, 209]","[60, 60]","['bp', 'bp']","['y', 'y']"
144,1023.597297,0.0012819999998328058,['PVLGPVRGPF__zp'],1023.598579,[195],[205],[10],[''],['zp']
145,323.1698026,0.0015793999999687003,['PPQ_bp_'],323.171382,[157],[160],[3],['bp'],['']
146,243.1435774,0.0015895999999600008,['NK_bp_'],243.14516699999996,[26],[28],[2],['bp'],['']
147,1111.611025,0.001583999999866137,"['PLPPTVMFPP_cp_y', 'MPIQAFLLY_cp_y']",1111.6094409999998,[149 184],"[159, 193]","[10, 9]","['cp', 'cp']","['y', 'y']"
148,4100.230163,0.004867999999532913,['QSVLSLSQSKVLPVPQKAVPYPQRDMPIQAFLLYQE_c_zp'],4100.225295000001,[159],[195],[36],['c'],['zp']
149,1347.828123,0.0008270000000720756,"['VLGPVRGPFPIIV_bp_z', 'VLGPVRGPFPIIV_bp_z']",1347.827296,[195 196],"[208, 209]","[13, 13]","['bp', 'bp']","['z', 'z']"
150,2437.381329,0.004020000000309665,['PIPNSLPQNIPPLTQTPVVVPPF_a_yp'],2437.3853489999997,[64],[87],[23],['a'],['yp']
151,6307.468338,0.009566999999151449,"['PTVMFPPQSVLSLSQSKVLPVPQKAVPYPQRDMPIQAFLLYQEPVLGPVRGPFPIIV__y', 'PTVMFPPQSVLSLSQSKVLPVPQKAVPYPQRDMPIQAFLLYQEPVLGPVRGPFPIIV__y']",6307.4587710000005,[151 152],"[208, 209]","[57, 57]","['', '']","['y', 'y']"
152,5888.543863,0.3337130000018078,['KIHPFAQTQSLVYPFPGPIPNSLPQNIPPLTQTPVVVPPFLQPEVMGVSKVKEA_cp_y'],5888.21015,[47],[101],[54],['cp'],['y']
153,8307.646301,0.1182600000011007,"['PLPLLQSWMHQPHQPLPPTVMFPPQSVLSLSQSKVLPVPQKAVPYPQRDMPIQAFLLYQEPVLGPVRGPFPIIV_c_', 'PLPLLQSWMHQPHQPLPPTVMFPPQSVLSLSQSKVLPVPQKAVPYPQRDMPIQAFLLYQEPVLGPVRGPFPIIV_c_']",8307.528041,[134 135],"[208, 209]","[74, 74]","['c', 'c']","['', '']"
154,997.6181311,0.0011828999998897416,"['VRGPFPIIV__yp', 'VRGPFPIIV__yp']",997.6193139999999,[199 200],"[208, 209]","[9, 9]","['', '']","['yp', 'yp']"
155,1056.553391,0.0012750000000778527,['KEMPFPKY_c_yp'],1056.554666,[106],[114],[8],['c'],['yp']
156,23867.18393,253.8437559999984,['RELEELNVPGEIVESLSSSEESITRINKKIEKFQSEEQQQTEDELQDKIHPFAQTQSLVYPFPGPIPNSLPQNIPPLTQTPVVVPPFLQPEVMGVSKVKEAMAPKHKEMPFPKYPVEPFTESQSLTLTDVENLHLPLPLLQSWMHQPHQPLPPTVMFPPQSVLSLSQSKVLPVPQKAVPYPQRDMPIQAFLLYQEPVLGPVRGPFPIIV_cp_xp'],23613.340174000008,[208],[417],[209],['cp'],['xp']
157,7384.316489,0.3262380000005578,['ELEELNVPGEIVESLSSSEESITRINKKIEKFQSEEQQQTEDELQDKIHPFAQTQSLVYPFPGP_c_x'],7384.642727000001,[1],[65],[64],['c'],['x']
158,1238.637811,0.0002650000001267472,['RELEELNVPGE_ap_'],1238.637546,[10],[21],[11],['ap'],['']
159,1195.616606,0.0013889999997900304,['LPPTVMFPPQS_bp_'],1195.617995,[150],[161],[11],['bp'],['']
160,5139.828565,0.0004979999985152972,['LHLPLPLLQSWMHQPHQPLPPTVMFPPQSVLSLSQSKVLPVPQKAV_bp_y'],5139.828067,[132],[178],[46],['bp'],['y']
161,6503.597914,0.0059380000002420275,"['LPPTVMFPPQSVLSLSQSKVLPVPQKAVPYPQRDMPIQAFLLYQEPVLGPVRGPFPIIV_bp_z', 'LPPTVMFPPQSVLSLSQSKVLPVPQKAVPYPQRDMPIQAFLLYQEPVLGPVRGPFPIIV_bp_z']",6503.5919760000015,[149 150],"[208, 209]","[59, 59]","['bp', 'bp']","['z', 'z']"
162,8897.118843,0.3047889999998006,"['ENLHLPLPLLQSWMHQPHQPLPPTVMFPPQSVLSLSQSKVLPVPQKAVPYPQRDMPIQAFLLYQEPVLGPVRGPFPIIV__', 'VENLHLPLPLLQSWMHQPHQPLPPTVMFPPQSVLSLSQSKVLPVPQKAVPYPQRDMPIQAFLLYQEPVLGPVRGPFPII__', 'ENLHLPLPLLQSWMHQPHQPLPPTVMFPPQSVLSLSQSKVLPVPQKAVPYPQRDMPIQAFLLYQEPVLGPVRGPFPIIV__']",8896.814053999999,[129 129 130],"[208, 208, 209]","[79, 79, 79]","['', '', '']","['', '', '']"
163,7361.979251,0.018642999999428866,['LPLPLLQSWMHQPHQPLPPTVMFPPQSVLSLSQSKVLPVPQKAVPYPQRDMPIQAFLLYQEPVLG_c_y'],7361.9606079999985,[134],[199],[65],['c'],['y']
164,340.1963016,0.0016293999999561493,['NLH_a_zp'],340.197931,[131],[134],[3],['a'],['zp']
165,924.5277048,0.0024601999998594692,"['RGPFPIIV__xp', 'RGPFPIIV__xp']",924.530165,[200 201],"[208, 209]","[8, 8]","['', '']","['xp', 'xp']"
166,259.1622724,0.0016186000000288914,['QR_ap_z'],259.16389100000004,[181],[183],[2],['ap'],['z']
167,452.2850666,0.0016793999999435982,['PLLQ_bp_'],452.28674599999994,[137],[141],[4],['bp'],['']
168,212.1378614,0.001491600000008475,"['PP_cp_', 'PP_cp_', 'PP_cp_', 'PP_cp_']",212.139353,[ 74  84 151 157],"[76, 86, 153, 159]","[2, 2, 2, 2]","['cp', 'cp', 'cp', 'cp']","['', '', '', '']"
169,6130.722726,0.3060490000007121,['ESLSSSEESITRINKKIEKFQSEEQQQTEDELQDKIHPFAQTQSLVYPFPGPI_a_x'],6131.028775000001,[13],[66],[53],['a'],['x']
170,380.2162642,0.00015820000004396206,['PKH_ap_xp'],380.21610599999997,[103],[106],[3],['ap'],['xp']
171,1212.643135,0.0014089999997395353,['LPPTVMFPPQS_cp_'],1212.644544,[150],[161],[11],['cp'],['']
172,1880.059596,0.0003959999999096908,"['EESITRINKKIEKFQ_c_yp', 'ITRINKKIEKFQSEE_c_yp']",1880.059992,[19 22],"[34, 37]","[15, 15]","['c', 'c']","['yp', 'yp']"
173,631.3392343,0.0017336999999315594,['ELQDK_cp_'],631.340968,[43],[48],[5],['cp'],['']
174,8896.111559,0.3476220000011381,['QSLTLTDVENLHLPLPLLQSWMHQPHQPLPPTVMFPPQSVLSLSQSKVLPVPQKAVPYPQRDMPIQAFLLYQEPVLGPV_c_zp'],8895.763936999998,[122],[201],[79],['c'],['zp']
175,3961.169048,0.0003810000002886227,"['QKAVPYPQRDMPIQAFLLYQEPVLGPVRGPFPIIV_bp_z', 'QKAVPYPQRDMPIQAFLLYQEPVLGPVRGPFPIIV_bp_z']",3961.1686669999995,[173 174],"[208, 209]","[35, 35]","['bp', 'bp']","['z', 'z']"
176,744.4237533,0.0012786999999434556,['GVSKVKE_a_xp'],744.425032,[93],[100],[7],['a'],['xp']
177,884.4455826,6.759999996575061e-05,['PPTVMFPP_ap_xp'],884.4455150000001,[151],[159],[8],['ap'],['xp']
178,551.317049,0.0009320000000343498,['PKHK_c_x'],551.317981,[103],[107],[4],['c'],['x']
179,359.2061388,0.0010508000000299944,"['EIV_bp_y', 'IVE_bp_y']",359.205088,[10 11],"[13, 14]","[3, 3]","['bp', 'bp']","['y', 'y']"
180,1240.651139,0.0004470000001219887,['AVPYPQRDMPI_ap_'],1240.650692,[176],[187],[11],['ap'],['']
181,4416.952614,0.17515499999990425,['ESLSSSEESITRINKKIEKFQSEEQQQTEDELQDKIH__xp'],4417.127769,[13],[50],[37],[''],['xp']
182,5774.5162,0.3218589999996766,['EKFQSEEQQQTEDELQDKIHPFAQTQSLVYPFPGPIPNSLPQNIPPLTQT_c_x'],5774.838059,[30],[80],[50],['c'],['x']
183,1881.06121,0.0006039999998392886,['SLPQNIPPLTQTPVVVPP_bp_z'],1881.0606060000002,[68],[86],[18],['bp'],['z']
184,719.4544815,0.0014385000000629589,['GVSKVKE_ap_yp'],719.453043,[93],[100],[7],['ap'],['yp']
185,3453.887658,0.0011679999993248202,['IPPLTQTPVVVPPFLQPEVMGVSKVKEAMAPK__xp'],3453.888826,[73],[105],[32],[''],['xp']
186,7544.049061,0.003401000000849308,['NLHLPLPLLQSWMHQPHQPLPPTVMFPPQSVLSLSQSKVLPVPQKAVPYPQRDMPIQAFLLYQEPV_cp_zp'],7544.052462000001,[131],[197],[66],['cp'],['zp']
187,442.275446,0.00179800000000796,['GPVRG_a_zp'],442.277244,[198],[203],[5],['a'],['zp']
188,524.3173292,0.0017798000000084357,"['VPQKA_bp_', 'PQKAV_bp_', 'QKAVP_bp_']",524.319109,[172 173 174],"[177, 178, 179]","[5, 5, 5]","['bp', 'bp', 'bp']","['', '', '']"
189,2915.562492,0.004071000000294589,['TQSLVYPFPGPIPNSLPQNIPPLTQTP_cp_'],2915.5665629999994,[54],[81],[27],['cp'],['']
190,1451.800656,0.00012800000013157842,['PVPQKAVPYPQRD_a_zp'],1451.8005279999998,[171],[184],[13],['a'],['zp']
191,556.3426492,0.002674799999908828,['PLLQS_cp_'],556.3453239999999,[137],[142],[5],['cp'],['']
192,3476.505334,0.1307889999998224,['SEEQQQTEDELQDKIHPFAQTQSLVYPFP_cp_xp'],3476.6361229999998,[34],[63],[29],['cp'],['xp']
193,5289.300868,0.2653339999997115,['ELEELNVPGEIVESLSSSEESITRINKKIEKFQSEEQQQTEDELQD_a_z'],5289.566202,[1],[47],[46],['a'],['z']
194,977.5915099,0.0015891000000465283,['PVRGPFPII_bp_'],977.593099,[199],[208],[9],['bp'],['']
195,426.2695109,0.0007910999999580781,"['PVRG_c_', 'VRGP_c_']",426.27030199999996,[199 200],"[203, 204]","[4, 4]","['c', 'c']","['', '']"
196,776.4283934,0.0009553999999525331,['SVLSLSQS_ap_z'],776.4274380000002,[160],[168],[8],['ap'],['z']
197,226.1170084,0.0016095999999947708,"['PQ_bp_', 'QP_bp_', 'QP_bp_', 'QP_bp_', 'PQ_bp_', 'PQ_bp_', 'PQ_bp_']",226.118618,[ 70  88 145 148 158 173 180],"[72, 90, 147, 150, 160, 175, 182]","[2, 2, 2, 2, 2, 2, 2]","['bp', 'bp', 'bp', 'bp', 'bp', 'bp', 'bp']","['', '', '', '', '', '', '']"
198,2280.258051,0.003418999999666994,['VMFPPQSVLSLSQSKVLPVPQ_bp_y'],2280.2546319999997,[154],[175],[21],['bp'],['y']
199,1343.817107,0.0005300000000261207,['VENLHLPLPLLQ_ap_zp'],1343.816577,[129],[141],[12],['ap'],['zp']
200,4609.609811,0.008861999999680847,"['KVLPVPQKAVPYPQRDMPIQAFLLYQEPVLGPVRGPFPIIV_bp_y', 'KVLPVPQKAVPYPQRDMPIQAFLLYQEPVLGPVRGPFPIIV_bp_y']",4609.600949000001,[167 168],"[208, 209]","[41, 41]","['bp', 'bp']","['y', 'y']"
201,373.2541455,0.0016344999999660104,['PVR_c_zp'],373.25577999999996,[199],[202],[3],['c'],['zp']
202,342.1795998,0.0016181999999957952,"['PFP_bp_', 'PPF_bp_', 'PFP_bp_', 'FPP_bp_', 'PFP_bp_']",342.181218,[ 60  84 109 156 203],"[63, 87, 112, 159, 206]","[3, 3, 3, 3, 3]","['bp', 'bp', 'bp', 'bp', 'bp']","['', '', '', '', '']"
203,4179.271064,0.006146999999145919,['AQTQSLVYPFPGPIPNSLPQNIPPLTQTPVVVPPFLQPE_ap_zp'],4179.2649169999995,[52],[91],[39],['ap'],['zp']
204,1443.770414,0.0007350000000769796,['LPLPLLQSWMHQ__'],1443.769679,[134],[146],[12],[''],['']
205,1459.885738,0.004671999999800391,"['PVLGPVRGPFPIIV_ap_xp', 'PVLGPVRGPFPIIV_ap_xp']",1459.89041,[194 195],"[208, 209]","[14, 14]","['ap', 'ap']","['xp', 'xp']"
206,858.4674267,0.0011766999999736072,['PPTVMFPP_ap_yp'],858.4662500000001,[151],[159],[8],['ap'],['yp']
207,1863.023937,0.001500999999962005,['SQSKVLPVPQKAVPYPQ_a_x'],1863.0254380000003,[165],[182],[17],['a'],['x']
208,1363.846618,4.9000000217347406e-05,"['VLGPVRGPFPIIV_c_z', 'VLGPVRGPFPIIV_c_z']",1363.8465689999998,[195 196],"[208, 209]","[13, 13]","['c', 'c']","['z', 'z']"
209,310.2110495,0.0014684999999872161,"['VLP_bp_', 'LPV_bp_', 'PVL_bp_']",310.212518,[169 170 195],"[172, 173, 198]","[3, 3, 3]","['bp', 'bp', 'bp']","['', '', '']"
210,725.4174061,0.00046889999998711573,['APKHKE_cp_y'],725.417875,[102],[108],[6],['cp'],['y']
211,15113.07818,0.0007110000005923212,['IPPLTQTPVVVPPFLQPEVMGVSKVKEAMAPKHKEMPFPKYPVEPFTESQSLTLTDVENLHLPLPLLQSWMHQPHQPLPPTVMFPPQSVLSLSQSKVLPVPQKAVPYPQRDMPIQAFLLYQEPVLGPVRGPFPII_bp_zp'],15113.077469,[73],[208],[135],['bp'],['zp']
212,9213.958543,0.009611000001314096,"['TDVENLHLPLPLLQSWMHQPHQPLPPTVMFPPQSVLSLSQSKVLPVPQKAVPYPQRDMPIQAFLLYQEPVLGPVRGPFPIIV__z', 'TDVENLHLPLPLLQSWMHQPHQPLPPTVMFPPQSVLSLSQSKVLPVPQKAVPYPQRDMPIQAFLLYQEPVLGPVRGPFPIIV__z']",9213.948931999996,[126 127],"[208, 209]","[82, 82]","['', '']","['z', 'z']"
213,10074.39426,0.009336000000985223,"['TESQSLTLTDVENLHLPLPLLQSWMHQPHQPLPPTVMFPPQSVLSLSQSKVLPVPQKAVPYPQRDMPIQAFLLYQEPVLGPVRGPFPIIV_bp_z', 'TESQSLTLTDVENLHLPLPLLQSWMHQPHQPLPPTVMFPPQSVLSLSQSKVLPVPQKAVPYPQRDMPIQAFLLYQEPVLGPVRGPFPIIV_bp_z']",10074.384924,[118 119],"[208, 209]","[90, 90]","['bp', 'bp']","['z', 'z']"
214,1177.675193,0.0010429999999814754,['PVVVPPFLQPE_ap_z'],1177.67415,[80],[91],[11],['ap'],['z']
215,6406.53518,0.0034829999995054095,['LPPTVMFPPQSVLSLSQSKVLPVPQKAVPYPQRDMPIQAFLLYQEPVLGPVRGPFPII_bp_zp'],6406.538663000001,[150],[208],[58],['bp'],['zp']
216,10073.38282,0.0051720000028581126,"['TESQSLTLTDVENLHLPLPLLQSWMHQPHQPLPPTVMFPPQSVLSLSQSKVLPVPQKAVPYPQRDMPIQAFLLYQEPVLGPVRGPFPIIV__z', 'TESQSLTLTDVENLHLPLPLLQSWMHQPHQPLPPTVMFPPQSVLSLSQSKVLPVPQKAVPYPQRDMPIQAFLLYQEPVLGPVRGPFPIIV__z']",10073.377648,[118 119],"[208, 209]","[90, 90]","['', '']","['z', 'z']"
217,11407.05259,3.600000127335079e-05,['VVPPFLQPEVMGVSKVKEAMAPKHKEMPFPKYPVEPFTESQSLTLTDVENLHLPLPLLQSWMHQPHQPLPPTVMFPPQSVLSLSQSKVLPVPQKAVPYPQR_cp_yp'],11407.052626000002,[82],[183],[101],['cp'],['yp']
218,2110.132271,0.00037699999984397436,['VPPFLQPEVMGVSKVKEAMA_a_'],2110.131894,[83],[103],[20],['a'],['']
219,6239.412971,0.0053219999999782885,"['TVMFPPQSVLSLSQSKVLPVPQKAVPYPQRDMPIQAFLLYQEPVLGPVRGPFPIIV_bp_xp', 'TVMFPPQSVLSLSQSKVLPVPQKAVPYPQRDMPIQAFLLYQEPVLGPVRGPFPIIV_bp_xp']",6239.407649000001,[152 153],"[208, 209]","[56, 56]","['bp', 'bp']","['xp', 'xp']"
220,5760.186985,0.011604000001170789,"['PPQSVLSLSQSKVLPVPQKAVPYPQRDMPIQAFLLYQEPVLGPVRGPFPIIV__xp', 'PPQSVLSLSQSKVLPVPQKAVPYPQRDMPIQAFLLYQEPVLGPVRGPFPIIV__xp']",5760.175381000003,[156 157],"[208, 209]","[52, 52]","['', '']","['xp', 'xp']"
221,308.1953315,0.0015364999999292195,"['PIP_bp_', 'IPP_bp_', 'PPL_bp_', 'PLP_bp_', 'PLP_bp_', 'LPP_bp_']",308.19686799999994,[ 64  73  74 135 149 150],"[67, 76, 77, 138, 152, 153]","[3, 3, 3, 3, 3, 3]","['bp', 'bp', 'bp', 'bp', 'bp', 'bp']","['', '', '', '', '', '']"
222,2206.22159,0.0017100000000027649,['LQPEVMGVSKVKEAMAPKHK_cp_'],2206.21988,[87],[107],[20],['cp'],['']
223,471.254464,0.00171100000000024,['QKAV__xp'],471.256175,[174],[178],[4],[''],['xp']
224,13026.93268,0.0010110000002896413,"['PGPIPNSLPQNIPPLTQTPVVVPPFLQPEVMGVSKVKEAMAPKHKEMPFPKYPVEPFTESQSLTLTDVENLHLPLPLLQSWMHQPHQPLPPTVMFPPQSVLSLSQSKVLPVPQKAVPY_ap_zp', 'GPIPNSLPQNIPPLTQTPVVVPPFLQPEVMGVSKVKEAMAPKHKEMPFPKYPVEPFTESQSLTLTDVENLHLPLPLLQSWMHQPHQPLPPTVMFPPQSVLSLSQSKVLPVPQKAVPYP_ap_zp']",13026.933691,[62 63],"[180, 181]","[118, 118]","['ap', 'ap']","['zp', 'zp']"
225,711.3918893,0.001781699999924058,['IHPFAQ_cp_'],711.3936709999999,[48],[54],[6],['cp'],['']
226,9972.348264,0.018295000001671724,"['ESQSLTLTDVENLHLPLPLLQSWMHQPHQPLPPTVMFPPQSVLSLSQSKVLPVPQKAVPYPQRDMPIQAFLLYQEPVLGPVRGPFPIIV__z', 'ESQSLTLTDVENLHLPLPLLQSWMHQPHQPLPPTVMFPPQSVLSLSQSKVLPVPQKAVPYPQRDMPIQAFLLYQEPVLGPVRGPFPIIV__z']",9972.329968999999,[119 120],"[208, 209]","[89, 89]","['', '']","['z', 'z']"
227,1495.806125,0.0007290000000921282,['LQPEVMGVSKVKEA__'],1495.8068540000002,[87],[101],[14],[''],['']
228,4545.001924,0.18311899999935122,['EKFQSEEQQQTEDELQDKIHPFAQTQSLVYPFPGPIPNS_c_y'],4545.1850429999995,[30],[69],[39],['c'],['y']
229,245.1268657,0.0010906999999917844,"['EL_bp_z', 'LE_bp_z', 'EL_bp_z', 'EI_bp_z', 'IE_bp_z', 'EL_bp_z']",245.12577499999998,[ 1  2  4 10 29 43],"[3, 4, 6, 12, 31, 45]","[2, 2, 2, 2, 2, 2]","['bp', 'bp', 'bp', 'bp', 'bp', 'bp']","['z', 'z', 'z', 'z', 'z', 'z']"
230,410.249366,0.0016629999999508982,['KHK_a_xp'],410.25102899999996,[104],[107],[3],['a'],['xp']
231,8098.383762,0.003493999999591324,['LPLLQSWMHQPHQPLPPTVMFPPQSVLSLSQSKVLPVPQKAVPYPQRDMPIQAFLLYQEPVLGPVRGPFPII__zp'],8098.387256,[136],[208],[72],[''],['zp']
232,1006.567078,0.0009299999999257125,['PQNIPPLTQ_cp_'],1006.5680080000001,[70],[79],[9],['cp'],['']
233,847.4291022,0.0014841999999362088,['SVLSLSQS_bp_xp'],847.4276180000002,[160],[168],[8],['bp'],['xp']
234,3478.84936,0.001813000000311149,"['YPQRDMPIQAFLLYQEPVLGPVRGPFPIIV__x', 'YPQRDMPIQAFLLYQEPVLGPVRGPFPIIV__x']",3478.8475469999994,[178 179],"[208, 209]","[30, 30]","['', '']","['x', 'x']"
235,6710.995754,0.3187000000007174,['EIVESLSSSEESITRINKKIEKFQSEEQQQTEDELQDKIHPFAQTQSLVYPFPGPIPN__x'],6711.314454000001,[10],[68],[58],[''],['x']
236,1635.850474,0.0024839999996402184,['YPFPGPIPNSLPQNI_bp_'],1635.8529580000002,[59],[74],[15],['bp'],['']
237,496.3111154,0.0005026000000043496,['PVRGP_ap_y'],496.311618,[199],[204],[5],['ap'],['y']
238,11406.04537,1.9999999494757503e-05,['VVPPFLQPEVMGVSKVKEAMAPKHKEMPFPKYPVEPFTESQSLTLTDVENLHLPLPLLQSWMHQPHQPLPPTVMFPPQSVLSLSQSKVLPVPQKAVPYPQR_c_yp'],11406.045350000002,[82],[183],[101],['c'],['yp']
239,1791.849299,0.0014900000001034641,['EQQQTEDELQDKIHP_ap_'],1791.850789,[36],[51],[15],['ap'],['']
240,7760.139719,0.0026210000014543766,['PLLQSWMHQPHQPLPPTVMFPPQSVLSLSQSKVLPVPQKAVPYPQRDMPIQAFLLYQEPVLGPVRGPFP_bp_zp'],7760.14234,[137],[206],[69],['bp'],['zp']
241,622.3542876,0.0008073999999851367,['APKHK_c_x'],622.355095,[102],[107],[5],['c'],['x']
242,1288.688354,0.0012269999999716674,['PNSLPQNIPPLT_a_xp'],1288.6895809999999,[66],[78],[12],['a'],['xp']
243,567.3118641,0.0010319000000436063,['PVRGP_c_x'],567.312896,[199],[204],[5],['c'],['x']
244,826.4440267,0.0009387000001197521,"['LEELNVPG_ap_z', 'ELNVPGEI_ap_z']",826.4430880000001,[2 4],"[10, 12]","[8, 8]","['ap', 'ap']","['z', 'z']"
245,7027.147408,0.34859599999981583,['ENLHLPLPLLQSWMHQPHQPLPPTVMFPPQSVLSLSQSKVLPVPQKAVPYPQRDMPIQAFLL_ap_yp'],7026.798811999998,[130],[192],[62],['ap'],['yp']
246,337.2217393,0.0015503000000194334,['TLT_cp_zp'],337.22018899999995,[125],[128],[3],['cp'],['zp']
247,697.4013423,0.000848300000029667,['LNVPGEI_ap_z'],697.4004940000001,[5],[12],[7],['ap'],['z']
248,2390.305198,0.00012599999990925426,"['LPVPQKAVPYPQRDMPIQAFL_bp_', 'PVPQKAVPYPQRDMPIQAFLL_bp_']",2390.305324,[170 171],"[191, 192]","[21, 21]","['bp', 'bp']","['', '']"
249,2894.599236,0.001017000000047119,['PLTQTPVVVPPFLQPEVMGVSKVKEAM_ap_yp'],2894.600253,[75],[102],[27],['ap'],['yp']
250,1030.593425,0.00026500000001306034,['LLYQEPVLG_cp_'],1030.5931600000001,[190],[199],[9],['cp'],['']
251,8196.45977,0.011925000000701402,"['LPLLQSWMHQPHQPLPPTVMFPPQSVLSLSQSKVLPVPQKAVPYPQRDMPIQAFLLYQEPVLGPVRGPFPIIV_bp_z', 'LPLLQSWMHQPHQPLPPTVMFPPQSVLSLSQSKVLPVPQKAVPYPQRDMPIQAFLLYQEPVLGPVRGPFPIIV_bp_z']",8196.447844999999,[135 136],"[208, 209]","[73, 73]","['bp', 'bp']","['z', 'z']"
252,610.3582987,0.0016122999999197418,['LVYPF_a_yp'],610.3599109999999,[57],[62],[5],['a'],['yp']
253,8857.116081,0.37378999999964435,['ELEELNVPGEIVESLSSSEESITRINKKIEKFQSEEQQQTEDELQDKIHPFAQTQSLVYPFPGPIPNSLPQNIPPLTQ_c_zp'],8857.489871,[1],[79],[78],['c'],['zp']
254,7742.531723,0.3424329999988913,['LPLPLLQSWMHQPHQPLPPTVMFPPQSVLSLSQSKVLPVPQKAVPYPQRDMPIQAFLLYQEPVLGPVRG_bp_zp'],7742.189289999999,[134],[203],[69],['bp'],['zp']
255,6977.82791,0.0020169999997960986,"['PHQPLPPTVMFPPQSVLSLSQSKVLPVPQKAVPYPQRDMPIQAFLLYQEPVLGPVRGPFPIIV_bp_y', 'PHQPLPPTVMFPPQSVLSLSQSKVLPVPQKAVPYPQRDMPIQAFLLYQEPVLGPVRGPFPIIV_bp_y']",6977.825893000002,[145 146],"[208, 209]","[63, 63]","['bp', 'bp']","['y', 'y']"
256,6309.469386,0.004485999999815249,"['LPPTVMFPPQSVLSLSQSKVLPVPQKAVPYPQRDMPIQAFLLYQEPVLGPVRGPFPI_c_zp', 'PPTVMFPPQSVLSLSQSKVLPVPQKAVPYPQRDMPIQAFLLYQEPVLGPVRGPFPII_c_zp']",6309.473872000001,[150 151],"[207, 208]","[57, 57]","['c', 'c']","['zp', 'zp']"
257,2981.403701,0.04499499999974432,['KKIEKFQSEEQQQTEDELQDKIHP__xp'],2981.4486960000004,[27],[51],[24],[''],['xp']
258,9974.346222,0.0011520000007294584,"['ESQSLTLTDVENLHLPLPLLQSWMHQPHQPLPPTVMFPPQSVLSLSQSKVLPVPQKAVPYPQRDMPIQAFLLYQEPVLGPVRGPFPIIV__zp', 'ESQSLTLTDVENLHLPLPLLQSWMHQPHQPLPPTVMFPPQSVLSLSQSKVLPVPQKAVPYPQRDMPIQAFLLYQEPVLGPVRGPFPIIV__zp']",9974.34507,[119 120],"[208, 209]","[89, 89]","['', '']","['zp', 'zp']"
259,1787.444815,0.336158999999725,['QSEEQQQTEDELQDK_a_'],1787.7809739999998,[33],[48],[15],['a'],['']
260,1039.526172,0.0019449999998641943,['KEMPFPKY__yp'],1039.528117,[106],[114],[8],[''],['yp']
261,338.3400426,0.10825160000001688,"['PVLG_a_', 'LGPV_a_']",338.231791,[195 197],"[199, 201]","[4, 4]","['a', 'a']","['', '']"
262,3849.128643,0.00016999999979816494,"['KAVPYPQRDMPIQAFLLYQEPVLGPVRGPFPIIV__yp', 'KAVPYPQRDMPIQAFLLYQEPVLGPVRGPFPIIV__yp']",3849.1288129999994,[174 175],"[208, 209]","[34, 34]","['', '']","['yp', 'yp']"
263,1866.009549,0.0007250000001022272,['GVSKVKEAMAPKHKEMP_cp_'],1866.0088239999998,[93],[110],[17],['cp'],['']
264,9256.963818,0.009620999999242486,"['TDVENLHLPLPLLQSWMHQPHQPLPPTVMFPPQSVLSLSQSKVLPVPQKAVPYPQRDMPIQAFLLYQEPVLGPVRGPFPIIV__xp', 'TDVENLHLPLPLLQSWMHQPHQPLPPTVMFPPQSVLSLSQSKVLPVPQKAVPYPQRDMPIQAFLLYQEPVLGPVRGPFPIIV__xp']",9256.954196999997,[126 127],"[208, 209]","[82, 82]","['', '']","['xp', 'xp']"
265,657.2331606,0.04605340000011893,['QPEVMG_a_x'],657.2792140000001,[88],[94],[6],['a'],['x']
266,6547.609403,0.028390999999828637,['QPLPPTVMFPPQSVLSLSQSKVLPVPQKAVPYPQRDMPIQAFLLYQEPVLGPVRGPFPI_c_y'],6547.581012,[148],[207],[59],['c'],['y']
267,6811.0564,0.32171699999980774,['GEIVESLSSSEESITRINKKIEKFQSEEQQQTEDELQDKIHPFAQTQSLVYPFPGPIPNS__'],6811.378117,[9],[69],[60],[''],['']
268,2795.589024,0.008192000000235566,"['PTVMFPPQSVLSLSQSKVLPVPQKAV_cp_yp', 'TVMFPPQSVLSLSQSKVLPVPQKAVP_cp_yp']",2795.5972159999997,[152 153],"[178, 179]","[26, 26]","['cp', 'cp']","['yp', 'yp']"
269,2592.382809,0.0007529999998041603,['AQTQSLVYPFPGPIPNSLPQNIPP_c_yp'],2592.382056,[52],[76],[24],['c'],['yp']
270,926.5455928,0.00022219999993922102,['VLGPVRGPF__zp'],926.545815,[196],[205],[9],[''],['zp']
271,2260.2656,0.0002490000001671433,['QTPVVVPPFLQPEVMGVSKVK__'],2260.265351,[78],[99],[21],[''],['']
272,9258.978606,0.045143999999709195,"['LTLTDVENLHLPLPLLQSWMHQPHQPLPPTVMFPPQSVLSLSQSKVLPVPQKAVPYPQRDMPIQAFLLYQEPVLGPVRGPFP__xp', 'TLTDVENLHLPLPLLQSWMHQPHQPLPPTVMFPPQSVLSLSQSKVLPVPQKAVPYPQRDMPIQAFLLYQEPVLGPVRGPFPI__xp']",9258.933461999997,[124 125],"[206, 207]","[82, 82]","['', '']","['xp', 'xp']"
273,6364.836097,0.3011259999993854,['GEIVESLSSSEESITRINKKIEKFQSEEQQQTEDELQDKIHPFAQTQSLVYPFPG_c_xp'],6365.137223000001,[9],[64],[55],['c'],['xp']
274,839.4973792,0.0011518000000023676,"['LNVPGEIV_cp_', 'TQTPVVVP_cp_', 'PPQSVLSL_cp_']",839.498531,[  5  77 157],"[13, 85, 165]","[8, 8, 8]","['cp', 'cp', 'cp']","['', '', '']"
275,1885.010786,0.00020400000016707054,['PPLTQTPVVVPPFLQPE__xp'],1885.010582,[74],[91],[17],[''],['xp']
276,7545.036495,0.00026199999956588726,['PLLQSWMHQPHQPLPPTVMFPPQSVLSLSQSKVLPVPQKAVPYPQRDMPIQAFLLYQEPVLGPVRGP_c_y'],7545.036233,[137],[204],[67],['c'],['y']
277,1717.997107,0.0003790000002936722,['LTDVENLHLPLPLLQ_cp_zp'],1717.9967279999996,[126],[141],[15],['cp'],['zp']
278,3720.038679,0.0033060000000659784,['PFPGPIPNSLPQNIPPLTQTPVVVPPFLQPEVMGV_cp_zp'],3720.0353729999993,[60],[95],[35],['cp'],['zp']
279,594.3301838,0.0015727999999626263,['VYPFP_a_yp'],594.328611,[58],[63],[5],['a'],['yp']
280,643.3755428,0.0018102000000226326,['GVSKVK__xp'],643.377353,[93],[99],[6],[''],['xp']
281,2163.752982,0.22592299999996612,['QSEEQQQTEDELQDKIHP_bp_'],2163.9789049999995,[33],[51],[18],['bp'],['']
282,3803.009487,0.0016359999995074759,['RELEELNVPGEIVESLSSSEESITRINKKIEKF_c_z'],3803.007851,[32],[65],[33],['c'],['z']
283,7026.133644,0.27593699999943055,['QPHQPLPPTVMFPPQSVLSLSQSKVLPVPQKAVPYPQRDMPIQAFLLYQEPVLGPVRGPFPII_cp_yp'],7025.857707000002,[145],[208],[63],['cp'],['yp']
284,1109.597167,8.499999989908247e-05,['HQPHQPLPPT_ap_zp'],1109.597082,[144],[154],[10],['ap'],['zp']
285,507.2542605,0.0011205000000131804,['QPHQ_c_'],507.255381,[145],[149],[4],['c'],['']
286,726.4126802,0.0017867999999907624,['NVPGEIV_cp_'],726.414467,[6],[13],[7],['cp'],['']
287,1037.561054,0.0008259999999609136,['MGVSKVKEAM_ap_zp'],1037.560228,[92],[102],[10],['ap'],['zp']
288,13158.96526,0.003228000001399778,['PNSLPQNIPPLTQTPVVVPPFLQPEVMGVSKVKEAMAPKHKEMPFPKYPVEPFTESQSLTLTDVENLHLPLPLLQSWMHQPHQPLPPTVMFPPQSVLSLSQSKVLPVPQKAVPYPQRD_ap_zp'],13158.962032,[66],[184],[118],['ap'],['zp']
289,12171.91715,0.32218900000225403,['FQSEEQQQTEDELQDKIHPFAQTQSLVYPFPGPIPNSLPQNIPPLTQTPVVVPPFLQPEVMGVSKVKEAMAPKHKEMPFPKYPVEPFTESQSLTLTDVENLHLPLPLL_a_x'],12172.239339000002,[32],[140],[108],['a'],['x']
290,6038.300915,0.01572800000121788,['QPLPPTVMFPPQSVLSLSQSKVLPVPQKAVPYPQRDMPIQAFLLYQEPVLGPVR_c_yp'],6038.316642999999,[148],[202],[54],['c'],['yp']
291,354.2117285,0.0018524999999840475,['PQK_bp_'],354.213581,[173],[176],[3],['bp'],['']
292,4830.65565,0.0030109999997876002,['HLPLPLLQSWMHQPHQPLPPTVMFPPQSVLSLSQSKVLPVPQK_ap_yp'],4830.6586609999995,[133],[176],[43],['ap'],['yp']
293,6940.128764,0.3283320000000458,['GEIVESLSSSEESITRINKKIEKFQSEEQQQTEDELQDKIHPFAQTQSLVYPFPGPIPNSL_a_x'],6940.457096,[9],[70],[61],['a'],['x']
294,3650.014014,0.0012750000000778527,['VYPFPGPIPNSLPQNIPPLTQTPVVVPPFLQPEV_ap_zp'],3650.0152889999995,[58],[92],[34],['ap'],['zp']
295,3347.41206,0.14618200000040815,['FQSEEQQQTEDELQDKIHPFAQTQSLVY__'],3347.5582419999996,[32],[60],[28],[''],['']
296,1978.126214,0.0010619999995924445,['PIPNSLPQNIPPLTQTPVV_a_'],1978.125152,[64],[83],[19],['a'],['']
297,752.392116,0.005637999999976273,['AFLLYQ_a_xp'],752.397754,[188],[194],[6],['a'],['xp']
298,2365.305407,0.0008329999996021797,"['IPNSLPQNIPPLTQTPVVVPPF_a_x', 'PNSLPQNIPPLTQTPVVVPPFL_a_x']",2365.304574,[65 66],"[87, 88]","[22, 22]","['a', 'a']","['x', 'x']"
299,543.3523363,0.0017123000000083266,['VSKVK__z'],543.350624,[94],[99],[5],[''],['z']
300,436.2174219,0.001039899999852878,['SLSSS_ap_z'],436.2163820000001,[14],[19],[5],['ap'],['z']
301,9472.093392,0.00017600000137463212,"['TLTDVENLHLPLPLLQSWMHQPHQPLPPTVMFPPQSVLSLSQSKVLPVPQKAVPYPQRDMPIQAFLLYQEPVLGPVRGPFPIIV_bp_xp', 'TLTDVENLHLPLPLLQSWMHQPHQPLPPTVMFPPQSVLSLSQSKVLPVPQKAVPYPQRDMPIQAFLLYQEPVLGPVRGPFPIIV_bp_xp']",9472.093215999997,[124 125],"[208, 209]","[84, 84]","['bp', 'bp']","['xp', 'xp']"
302,1004.61245,0.0014449999998760177,"['PPLTQTPVVV_ap_', 'PLTQTPVVVP_ap_']",1004.613895,[74 75],"[84, 85]","[10, 10]","['ap', 'ap']","['', '']"
303,394.2067412,0.0009241999999289874,"['SLSS_cp_z', 'LSSS_cp_z']",394.2058170000001,[14 15],"[18, 19]","[4, 4]","['cp', 'cp']","['z', 'z']"
304,5404.342266,0.3124100000004546,"['IVESLSSSEESITRINKKIEKFQSEEQQQTEDELQDKIHPFAQTQS_c_x', 'VESLSSSEESITRINKKIEKFQSEEQQQTEDELQDKIHPFAQTQSL_c_x', 'ESLSSSEESITRINKKIEKFQSEEQQQTEDELQDKIHPFAQTQSLV_c_x']",5404.654676000001,[11 12 13],"[57, 58, 59]","[46, 46, 46]","['c', 'c', 'c']","['x', 'x', 'x']"
305,720.4388856,0.0014013999999633597,"['PVPQKAV_bp_', 'VPQKAVP_bp_']",720.440287,[171 172],"[178, 179]","[7, 7]","['bp', 'bp']","['', '']"
306,4121.895605,0.08913100000017948,['IEKFQSEEQQQTEDELQDKIHPFAQTQSLVYPFP_cp_xp'],4121.984736,[29],[63],[34],['cp'],['xp']
307,7759.134245,0.0008190000007743947,['PLLQSWMHQPHQPLPPTVMFPPQSVLSLSQSKVLPVPQKAVPYPQRDMPIQAFLLYQEPVLGPVRGPFP__zp'],7759.135064,[137],[206],[69],[''],['zp']
308,14560.76958,0.018711000000621425,"['TPVVVPPFLQPEVMGVSKVKEAMAPKHKEMPFPKYPVEPFTESQSLTLTDVENLHLPLPLLQSWMHQPHQPLPPTVMFPPQSVLSLSQSKVLPVPQKAVPYPQRDMPIQAFLLYQEPVLGPVRGPFPIIV_bp_z', 'TPVVVPPFLQPEVMGVSKVKEAMAPKHKEMPFPKYPVEPFTESQSLTLTDVENLHLPLPLLQSWMHQPHQPLPPTVMFPPQSVLSLSQSKVLPVPQKAVPYPQRDMPIQAFLLYQEPVLGPVRGPFPIIV_bp_z']",14560.750869,[78 79],"[208, 209]","[130, 130]","['bp', 'bp']","['z', 'z']"
309,573.3628582,0.0010098000000198226,['LHLPL__'],573.363868,[132],[137],[5],[''],['']
310,6865.769545,0.007314999998925487,"['HQPLPPTVMFPPQSVLSLSQSKVLPVPQKAVPYPQRDMPIQAFLLYQEPVLGPVRGPFPIIV_bp_z', 'HQPLPPTVMFPPQSVLSLSQSKVLPVPQKAVPYPQRDMPIQAFLLYQEPVLGPVRGPFPIIV_bp_z']",6865.76223,[146 147],"[208, 209]","[62, 62]","['bp', 'bp']","['z', 'z']"
311,1701.976682,0.004549999999881038,"['QEPVLGPVRGPFPIIV_bp_z', 'QEPVLGPVRGPFPIIV_bp_z']",1701.981232,[192 193],"[208, 209]","[16, 16]","['bp', 'bp']","['z', 'z']"
312,2238.28048,0.0006229999994502577,"['FLLYQEPVLGPVRGPFPIIV_bp_z', 'FLLYQEPVLGPVRGPFPIIV_bp_z']",2238.2811029999993,[188 189],"[208, 209]","[20, 20]","['bp', 'bp']","['z', 'z']"
313,399.2333313,0.0017136999999820546,['REL_bp_'],399.23504499999996,[2],[5],[3],['bp'],['']
314,780.4622895,0.0008724999999003558,"['LPQNIPP_c_zp', 'PQNIPPL_c_zp']",780.4614170000001,[69 70],"[76, 77]","[7, 7]","['c', 'c']","['zp', 'zp']"
315,2777.551181,0.0009150000000772707,['LSLSQSKVLPVPQKAVPYPQRDMPI_bp_zp'],2777.5502660000006,[162],[187],[25],['bp'],['zp']
316,7743.522318,0.33777899999859073,['PLPLLQSWMHQPHQPLPPTVMFPPQSVLSLSQSKVLPVPQKAVPYPQRDMPIQAFLLYQEPVLGPVRGP_cp_zp'],7743.184539000001,[135],[204],[69],['cp'],['zp']
317,714.3804716,0.000838400000020556,"['PVRGPF_c_x', 'VRGPFP_c_x']",714.38131,[199 200],"[205, 206]","[6, 6]","['c', 'c']","['x', 'x']"
318,880.491876,0.00018999999997504347,['SKVKEAMA_c_yp'],880.4920659999999,[95],[103],[8],['c'],['yp']
319,1745.946411,0.004213000000163447,['MFPPQSVLSLSQSKVL__zp'],1745.9506239999996,[155],[171],[16],[''],['zp']
320,2331.299858,0.009724000000005617,['NIPPLTQTPVVVPPFLQPEVMG_ap_zp'],2331.2901340000003,[72],[94],[22],['ap'],['zp']
321,2277.223219,0.0014120000000730215,['PFLQPEVMGVSKVKEAMAPKH_ap_'],2277.224631,[85],[106],[21],['ap'],['']
322,777.4600673,0.0016837000000577973,"['LPQNIPP_cp_', 'PQNIPPL_cp_']",777.461751,[69 70],"[76, 77]","[7, 7]","['cp', 'cp']","['', '']"
323,8221.82215,0.2908820000002379,['ELEELNVPGEIVESLSSSEESITRINKKIEKFQSEEQQQTEDELQDKIHPFAQTQSLVYPFPGPIPNSLPQN_cp_y'],8222.113032,[1],[73],[72],['cp'],['y']
324,511.3220263,0.001039699999921595,['RINK__'],511.3230659999999,[24],[28],[4],[''],['']
325,1141.621577,0.0004100000001017179,['PPQSVLSLSQS_cp_'],1141.6211670000002,[157],[168],[11],['cp'],['']
326,427.268625,0.0017420000000356595,"['PPFL_ap_', 'PFPI_ap_']",427.270367,[ 84 203],"[88, 207]","[4, 4]","['ap', 'ap']","['', '']"
327,412.2174043,0.0016566999999554355,['PNSL_bp_'],412.21906099999995,[66],[70],[4],['bp'],['']
328,4675.045293,0.22600499999953172,['QSEEQQQTEDELQDKIHPFAQTQSLVYPFPGPIPNSLPQNI_bp_z'],4675.271298,[33],[74],[41],['bp'],['z']
329,408.1903682,0.001312800000050629,['MGVS_c_y'],408.1916810000001,[92],[96],[4],['c'],['y']
330,682.3906414,0.000838599999951839,['GPVRGPF_a_'],682.39148,[198],[205],[7],['a'],['']
331,5244.288236,0.24392600000010134,['ELEELNVPGEIVESLSSSEESITRINKKIEKFQSEEQQQTEDELQ__x'],5244.532162,[1],[46],[45],[''],['x']
332,3013.533561,0.01187500000014552,['QPEVMGVSKVKEAMAPKHKEMPFPKY_bp_xp'],3013.5216859999996,[88],[114],[26],['bp'],['xp']
333,1020.598065,0.0008479999999053689,['PVLGPVRGPF_bp_'],1020.598913,[195],[205],[10],['bp'],['']
334,595.3450578,6.779999989703356e-05,['VPGEIV_bp_'],595.34499,[7],[13],[6],['bp'],['']
335,6085.714673,0.2800619999989067,['SSSEESITRINKKIEKFQSEEQQQTEDELQDKIHPFAQTQSLVYPFPGPIPNS__z'],6085.994735000001,[16],[69],[53],[''],['z']
336,2113.194102,0.008946999999807304,['TVMFPPQSVLSLSQSKVLPV_ap_z'],2113.1851549999997,[153],[173],[20],['ap'],['z']
337,461.2853932,0.0009921999999846776,['LLQS_cp_z'],461.284401,[138],[142],[4],['cp'],['z']
338,1903.043179,0.0012279999998554558,['PPLTQTPVVVPPFLQPE_cp_xp'],1903.044407,[74],[91],[17],['cp'],['xp']
339,805.4546312,0.0011931999998751053,['EESITRI_ap_zp'],805.4534380000001,[19],[26],[7],['ap'],['zp']
340,5636.129701,0.005276999999296095,['PPQSVLSLSQSKVLPVPQKAVPYPQRDMPIQAFLLYQEPVLGPVRGPFPII_bp_yp'],5636.134978000003,[157],[208],[51],['bp'],['yp']
341,1580.838181,0.0007909999999355932,['QRDMPIQAFLLYQ_ap_zp'],1580.8373900000001,[181],[194],[13],['ap'],['zp']
342,4292.338233,0.0012790000009772484,['AQTQSLVYPFPGPIPNSLPQNIPPLTQTPVVVPPFLQPEV_a_yp'],4292.336953999999,[52],[92],[40],['a'],['yp']
343,3177.736536,0.0015260000004673202,"['PPTVMFPPQSVLSLSQSKVLPVPQKAVPY_c_xp', 'PTVMFPPQSVLSLSQSKVLPVPQKAVPYP_c_xp']",3177.738062,[151 152],"[180, 181]","[29, 29]","['c', 'c']","['xp', 'xp']"
344,862.4422331,0.0018240999999079577,['SLTLTDVE__zp'],862.4404089999999,[123],[131],[8],[''],['zp']
345,770.4017592,0.002537799999913659,['NVPGEIV_c_xp'],770.404297,[6],[13],[7],['c'],['xp']
346,6818.611155,0.0013460000000122818,['TESQSLTLTDVENLHLPLPLLQSWMHQPHQPLPPTVMFPPQSVLSLSQSKVLPVPQKAVPY_c_z'],6818.6098090000005,[119],[180],[61],['c'],['z']
347,3480.861368,0.0006290000005719776,['MFPPQSVLSLSQSKVLPVPQKAVPYPQRDMP_cp_y'],3480.861997,[155],[186],[31],['cp'],['y']
348,366.1378677,0.00028469999995195394,['SSE_cp_xp'],366.137583,[17],[20],[3],['cp'],['xp']
349,7498.428342,0.3057250000001659,['ELEELNVPGEIVESLSSSEESITRINKKIEKFQSEEQQQTEDELQDKIHPFAQTQSLVYPFPGPI_c_xp'],7498.734067,[1],[66],[65],['c'],['xp']
350,8646.038623,0.27988899999945716,"['LHLPLPLLQSWMHQPHQPLPPTVMFPPQSVLSLSQSKVLPVPQKAVPYPQRDMPIQAFLLYQEPVLGPVRGPFPIIV_ap_yp', 'LHLPLPLLQSWMHQPHQPLPPTVMFPPQSVLSLSQSKVLPVPQKAVPYPQRDMPIQAFLLYQEPVLGPVRGPFPIIV_ap_yp']",8645.758734000001,[131 132],"[208, 209]","[77, 77]","['ap', 'ap']","['yp', 'yp']"
351,654.3707476,0.0006705999999212509,"['PPLTQT_c_', 'PLTQTP_c_']",654.370077,[74 75],"[80, 81]","[6, 6]","['c', 'c']","['', '']"
352,617.2912776,0.001001599999881364,['GEIVES_bp_z'],617.2902760000002,[9],[15],[6],['bp'],['z']
353,1968.008934,0.006278999999949519,['PPTVMFPPQSVLSLSQSK__x'],1968.0026549999998,[151],[169],[18],[''],['x']
354,5473.152008,0.15563299999939773,['NLHLPLPLLQSWMHQPHQPLPPTVMFPPQSVLSLSQSKVLPVPQKAVPY_ap_zp'],5472.996375,[131],[180],[49],['ap'],['zp']
355,3571.900978,0.00039599999945494346,['PVPQKAVPYPQRDMPIQAFLLYQEPVLGPVR__x'],3571.901374,[171],[202],[31],[''],['x']
356,4467.503944,0.0010320000001229346,"['VLPVPQKAVPYPQRDMPIQAFLLYQEPVLGPVRGPFPIIV__zp', 'VLPVPQKAVPYPQRDMPIQAFLLYQEPVLGPVRGPFPIIV__zp']",4467.502911999999,[168 169],"[208, 209]","[40, 40]","['', '']","['zp', 'zp']"
357,5533.39296,0.3010819999999512,['RELEELNVPGEIVESLSSSEESITRINKKIEKFQSEEQQQTEDELQD_c_xp'],5533.694042,[46],[93],[47],['c'],['xp']
358,837.5325209,0.0012279000000035012,"['VLPVPQKA_bp_zp', 'LPVPQKAV_bp_zp']",837.531293,[169 170],"[177, 178]","[8, 8]","['bp', 'bp']","['zp', 'zp']"
359,757.3609666,0.0017993999999816879,['PYPQRD_bp_'],757.362766,[178],[184],[6],['bp'],['']
360,1904.934698,0.0048529999999118445,['SWMHQPHQPLPPTVMF_a_yp'],1904.9298450000006,[141],[157],[16],['a'],['yp']
361,680.3707333,0.0018686999999317777,['PGPIPNS_cp_'],680.3726019999999,[62],[69],[7],['cp'],['']
362,846.445728,0.0011019999999462016,['VPYPQRD_a_yp'],846.44683,[177],[184],[7],['a'],['yp']
363,717.3509539,6.789999997636187e-05,['VMFPPQ_ap_xp'],717.3508860000002,[154],[160],[6],['ap'],['xp']
364,785.4132901,0.0001958999998805666,['MPFPKY_cp_zp'],785.4134859999999,[108],[114],[6],['cp'],['zp']
365,1090.676039,0.0069989999999506836,['VLSLSQSKVL_c_yp'],1090.683038,[161],[171],[10],['c'],['yp']
366,709.3862412,0.0016767999999274252,['TQSLVY_cp_'],709.3879179999999,[54],[60],[6],['cp'],['']
367,2081.098253,0.0018289999998160056,['PQKAVPYPQRDMPIQAFL_bp_'],2081.100082,[173],[191],[18],['bp'],['']
368,1723.960842,0.0031220000000757864,['PLPPTVMFPPQSVLSL_cp_z'],1723.9577199999997,[149],[165],[16],['cp'],['z']
369,8062.773673,0.27441799999996874,"['LEELNVPGEIVESLSSSEESITRINKKIEKFQSEEQQQTEDELQDKIHPFAQTQSLVYPFPGPIPNSLPQN_bp_zp', 'EELNVPGEIVESLSSSEESITRINKKIEKFQSEEQQQTEDELQDKIHPFAQTQSLVYPFPGPIPNSLPQNI_bp_zp']",8063.048091,[2 3],"[73, 74]","[71, 71]","['bp', 'bp']","['zp', 'zp']"
370,4004.168873,0.00010699999984353781,['IHPFAQTQSLVYPFPGPIPNSLPQNIPPLTQTPVVVP_c_z'],4004.1689799999995,[48],[85],[37],['c'],['z']
371,5524.067726,0.0035889999999199063,['PQSVLSLSQSKVLPVPQKAVPYPQRDMPIQAFLLYQEPVLGPVRGPFPII_bp_zp'],5524.071315000003,[158],[208],[50],['bp'],['zp']
372,878.5066178,0.0028121999998802494,['KIEKFQS_cp_'],878.5094299999998,[28],[35],[7],['cp'],['']
373,5417.987215,0.00868099999934202,['LHLPLPLLQSWMHQPHQPLPPTVMFPPQSVLSLSQSKVLPVPQKAVPY_c_yp'],5417.978534,[132],[180],[48],['c'],['yp']
374,530.4676127,0.10100469999997586,['VSKVK_a_y'],530.366608,[94],[99],[5],['a'],['y']
375,1860.921809,4.5999999883861165e-05,['KKIEKFQSEEQQQTE__'],1860.921763,[27],[42],[15],[''],['']
376,4101.224997,0.0016989999999168504,"['PQKAVPYPQRDMPIQAFLLYQEPVLGPVRGPFPIIV_bp_xp', 'VPQKAVPYPQRDMPIQAFLLYQEPVLGPVRGPFPII_bp_xp', 'PQKAVPYPQRDMPIQAFLLYQEPVLGPVRGPFPIIV_bp_xp']",4101.226696,[172 172 173],"[208, 208, 209]","[36, 36, 36]","['bp', 'bp', 'bp']","['xp', 'xp', 'xp']"
377,1600.917372,0.0003770000002987217,"['PQNIPPLTQTPVVVP_bp_yp', 'QNIPPLTQTPVVVPP_bp_yp']",1600.9177490000004,[70 71],"[85, 86]","[15, 15]","['bp', 'bp']","['yp', 'yp']"
378,1268.671533,0.001567999999906533,['PQRDMPIQAFL_a_'],1268.669965,[180],[191],[11],['a'],['']
379,3071.658866,0.00022199999966687756,['LEELNVPGEIVESLSSSEESITRINKKI_ap_zp'],3071.659088,[2],[30],[28],['ap'],['zp']
380,1675.855257,0.0014880000001085136,['AMAPKHKEMPFPKY_bp_yp'],1675.8567450000005,[100],[114],[14],['bp'],['yp']
381,1544.916504,0.00018199999976786785,['LTDVENLHLPLPLL_ap_zp'],1544.9166859999996,[126],[140],[14],['ap'],['zp']
382,853.527666,0.0014579999999568827,"['QSKVLPVP_bp_zp', 'SKVLPVPQ_bp_zp']",853.526208,[166 167],"[174, 175]","[8, 8]","['bp', 'bp']","['zp', 'zp']"
383,1457.87894,0.0009009999996578699,['ESITRINKKIEK_cp_'],1457.879841,[20],[32],[12],['cp'],['']
384,1129.656948,0.0006040000000666623,['QSVLSLSQSKV_ap_'],1129.6575520000004,[159],[170],[11],['ap'],['']
385,706.386979,0.0012730000000829023,['VENLHL_bp_'],706.3882520000001,[129],[135],[6],['bp'],['']
386,1178.677197,0.0007559999999102729,['LPQNIPPLTQT_a_zp'],1178.6779530000001,[69],[80],[11],['a'],['zp']
387,1986.050757,0.0009779999998045241,['HQPLPPTVMFPPQSVLSL_a_xp'],1986.0517349999998,[147],[165],[18],['a'],['xp']
388,1517.788985,0.0022189999999682186,['VMFPPQSVLSLSQS_c_'],1517.7912039999999,[154],[168],[14],['c'],['']
389,1002.537362,0.00013999999987390765,['YQEPVLGPV_bp_yp'],1002.537502,[192],[201],[9],['bp'],['yp']
390,1493.797587,0.00014299999975264654,['LEELNVPGEIVESL_a_'],1493.79773,[2],[16],[14],['a'],['']
